'subject'	'predicate'	'object'
'http://www.semanticweb.org/vipul2310/ontologies/riskgridsOntoNewUpdated2#hasDesignAttribute'	'http://www.w3.org/2000/01/rdf-schema#subPropertyOf'	'urn:absolute:ontoRiskIntegrated2#hasRiskDesignSpecs'
'http://www.semanticweb.org/vipul2310/ontologies/riskgridsOntoNewUpdated2#hasDesignAttribute'	'http://www.w3.org/1999/02/22-rdf-syntax-ns#type'	'http://www.w3.org/2002/07/owl#FunctionalProperty,http://www.w3.org/2002/07/owl#AsymmetricProperty,http://www.w3.org/2002/07/owl#IrreflexiveProperty'
'http://www.semanticweb.org/vipul2310/ontologies/riskgridsOntoNewUpdated2#hasDesignAttribute'	'http://www.w3.org/2000/01/rdf-schema#comment'	'maps the design attribute for each row individual in the riskgrid to the corresponding design attribute individual'
'http://www.semanticweb.org/vipul2310/ontologies/riskgridsOntoNewUpdated2#hasDesignAttributeLevel'	'http://www.w3.org/2000/01/rdf-schema#subPropertyOf'	'urn:absolute:ontoRiskIntegrated2#hasRiskDesignSpecs'
'http://www.semanticweb.org/vipul2310/ontologies/riskgridsOntoNewUpdated2#hasDesignAttributeLevel'	'http://www.w3.org/1999/02/22-rdf-syntax-ns#type'	'http://www.w3.org/2002/07/owl#FunctionalProperty,http://www.w3.org/2002/07/owl#AsymmetricProperty,http://www.w3.org/2002/07/owl#IrreflexiveProperty'
'http://www.semanticweb.org/vipul2310/ontologies/riskgridsOntoNewUpdated2#hasDesignAttributeLevel'	'http://www.w3.org/2000/01/rdf-schema#comment'	'maps the attribute level for each row individual in the riskgrid to the corresponding design attribute level individual'
'http://www.semanticweb.org/vipul2310/ontologies/riskgridsOntoNewUpdated2#hasDesignRequirement'	'http://www.w3.org/2000/01/rdf-schema#subPropertyOf'	'urn:absolute:ontoRiskIntegrated2#hasRiskDesignSpecs'
'http://www.semanticweb.org/vipul2310/ontologies/riskgridsOntoNewUpdated2#hasDesignRequirement'	'http://www.w3.org/1999/02/22-rdf-syntax-ns#type'	'http://www.w3.org/2002/07/owl#FunctionalProperty,http://www.w3.org/2002/07/owl#AsymmetricProperty,http://www.w3.org/2002/07/owl#IrreflexiveProperty'
'http://www.semanticweb.org/vipul2310/ontologies/riskgridsOntoNewUpdated2#hasDesignRequirement'	'http://www.w3.org/2000/01/rdf-schema#comment'	'maps the design requirement risk for each row individual in the riskgrid to the corresponding design requirement individual'
'urn:absolute:ontoRiskIntegrated2#hasAPIRiskgrid'	'http://www.w3.org/2000/01/rdf-schema#subPropertyOf'	'urn:absolute:ontoRiskIntegrated2#hasAssociatedRiskgrid'
'urn:absolute:ontoRiskIntegrated2#hasAPIRiskgrid'	'http://www.w3.org/1999/02/22-rdf-syntax-ns#type'	'http://www.w3.org/2002/07/owl#AsymmetricProperty,http://www.w3.org/2002/07/owl#IrreflexiveProperty'
'urn:absolute:ontoRiskIntegrated2#hasAPIRiskgrid'	'http://www.w3.org/2000/01/rdf-schema#comment'	'Maps a given drug to all the corresponding API risk grid rows'
'urn:absolute:ontoRiskIntegrated2#hasAssociatedRiskgrid'	'http://www.w3.org/1999/02/22-rdf-syntax-ns#type'	'http://www.w3.org/2002/07/owl#AsymmetricProperty,http://www.w3.org/2002/07/owl#IrreflexiveProperty'
'urn:absolute:ontoRiskIntegrated2#hasAssociatedRiskgrid'	'http://www.w3.org/2000/01/rdf-schema#comment'	'Maps an individual of class Drug to individual of class RiskGrids,This property should never by Functional since a given drug would have multiple riskgrids types and they would all get erroenously classified by the reasoner to be the same.'
'urn:absolute:ontoRiskIntegrated2#hasChargedMaterial'	'http://www.w3.org/2000/01/rdf-schema#comment'	'connects unit operations instances to material instances that were charged.'
'urn:absolute:ontoRiskIntegrated2#hasDPRiskgrid'	'http://www.w3.org/2000/01/rdf-schema#subPropertyOf'	'urn:absolute:ontoRiskIntegrated2#hasAssociatedRiskgrid'
'urn:absolute:ontoRiskIntegrated2#hasDPRiskgrid'	'http://www.w3.org/1999/02/22-rdf-syntax-ns#type'	'http://www.w3.org/2002/07/owl#AsymmetricProperty,http://www.w3.org/2002/07/owl#IrreflexiveProperty'
'urn:absolute:ontoRiskIntegrated2#hasDPRiskgrid'	'http://www.w3.org/2000/01/rdf-schema#comment'	'Maps a given drug to all the corresponding DP risk grid rows'
'urn:absolute:ontoRiskIntegrated2#hasLotNumber'	'http://www.w3.org/1999/02/22-rdf-syntax-ns#type'	'http://www.w3.org/2002/07/owl#FunctionalProperty,http://www.w3.org/2002/07/owl#AsymmetricProperty,http://www.w3.org/2002/07/owl#IrreflexiveProperty'
'urn:absolute:ontoRiskIntegrated2#hasLotNumber'	'http://www.w3.org/2000/01/rdf-schema#comment'	'Connects drugs and materials instances to instances of class LotNumbers,Functional property to ensure a given instance does not correspond to multiple lot number'
'urn:absolute:ontoRiskIntegrated2#hasMaterial'	'http://www.w3.org/2000/01/rdf-schema#comment'	'Again, super property should not be Functional,Maps the individuals of class Drug to the Individuals of class Material. The subproperties link them to the individuals of a specific material type,Property characteristics to be defined at a later stage to avoid inferencing errors.'
'urn:absolute:ontoRiskIntegrated2#hasMaterialAPI'	'http://www.w3.org/2000/01/rdf-schema#subPropertyOf'	'urn:absolute:ontoRiskIntegrated2#hasMaterial'
'urn:absolute:ontoRiskIntegrated2#hasMaterialAPIIntermediate'	'http://www.w3.org/2000/01/rdf-schema#subPropertyOf'	'urn:absolute:ontoRiskIntegrated2#hasMaterialAPI'
'urn:absolute:ontoRiskIntegrated2#hasMaterialDP'	'http://www.w3.org/2000/01/rdf-schema#subPropertyOf'	'urn:absolute:ontoRiskIntegrated2#hasMaterial'
'urn:absolute:ontoRiskIntegrated2#hasMaterialDPIntermediate'	'http://www.w3.org/2000/01/rdf-schema#subPropertyOf'	'urn:absolute:ontoRiskIntegrated2#hasMaterialDP'
'urn:absolute:ontoRiskIntegrated2#hasMaterialDPIntermediateCoatedTablets'	'http://www.w3.org/2000/01/rdf-schema#subPropertyOf'	'urn:absolute:ontoRiskIntegrated2#hasMaterialDPIntermediate'
'urn:absolute:ontoRiskIntegrated2#hasMaterialDPIntermediateSDD'	'http://www.w3.org/2000/01/rdf-schema#subPropertyOf'	'urn:absolute:ontoRiskIntegrated2#hasMaterialDPIntermediate'
'urn:absolute:ontoRiskIntegrated2#hasMaterialDPPackaged'	'http://www.w3.org/2000/01/rdf-schema#subPropertyOf'	'urn:absolute:ontoRiskIntegrated2#hasMaterialDP'
'urn:absolute:ontoRiskIntegrated2#hasMaterialExcipients'	'http://www.w3.org/2000/01/rdf-schema#subPropertyOf'	'urn:absolute:ontoRiskIntegrated2#hasMaterial'
'urn:absolute:ontoRiskIntegrated2#hasMaterialGases'	'http://www.w3.org/2000/01/rdf-schema#subPropertyOf'	'urn:absolute:ontoRiskIntegrated2#hasMaterial'
'urn:absolute:ontoRiskIntegrated2#hasMaterialImpurity'	'http://www.w3.org/2000/01/rdf-schema#subPropertyOf'	'urn:absolute:ontoRiskIntegrated2#hasMaterial'
'urn:absolute:ontoRiskIntegrated2#hasMaterialReagents'	'http://www.w3.org/2000/01/rdf-schema#subPropertyOf'	'urn:absolute:ontoRiskIntegrated2#hasMaterial'
'urn:absolute:ontoRiskIntegrated2#hasMaterialSolvents'	'http://www.w3.org/2000/01/rdf-schema#subPropertyOf'	'urn:absolute:ontoRiskIntegrated2#hasMaterial'
'urn:absolute:ontoRiskIntegrated2#hasRBARiskgrid'	'http://www.w3.org/2000/01/rdf-schema#subPropertyOf'	'urn:absolute:ontoRiskIntegrated2#hasAssociatedRiskgrid'
'urn:absolute:ontoRiskIntegrated2#hasRBARiskgrid'	'http://www.w3.org/1999/02/22-rdf-syntax-ns#type'	'http://www.w3.org/2002/07/owl#AsymmetricProperty,http://www.w3.org/2002/07/owl#IrreflexiveProperty'
'urn:absolute:ontoRiskIntegrated2#hasRBARiskgrid'	'http://www.w3.org/2000/01/rdf-schema#comment'	'Maps a given drug to all the corresponding RBA risk grid rows'
'urn:absolute:ontoRiskIntegrated2#hasRiskDesignSpecs'	'http://www.w3.org/2000/01/rdf-schema#comment'	'Super property containing the three design specs properties -- design requirements, attributes, and levels.'
'urn:absolute:ontoRiskIntegrated2#hasRiskMetadata'	'http://www.w3.org/2000/01/rdf-schema#comment'	'Links the instances of risk grid master to a meta data instance from the class rgMetadata'
'urn:absolute:ontoRiskIntegrated2#hasSolidstateRiskgrid'	'http://www.w3.org/2000/01/rdf-schema#subPropertyOf'	'urn:absolute:ontoRiskIntegrated2#hasAssociatedRiskgrid'
'urn:absolute:ontoRiskIntegrated2#hasSolidstateRiskgrid'	'http://www.w3.org/1999/02/22-rdf-syntax-ns#type'	'http://www.w3.org/2002/07/owl#AsymmetricProperty,http://www.w3.org/2002/07/owl#IrreflexiveProperty'
'urn:absolute:ontoRiskIntegrated2#hasSolidstateRiskgrid'	'http://www.w3.org/2000/01/rdf-schema#comment'	'Maps a given drug to all the corresponding solidstate risk grid rows'
'urn:absolute:ontoRiskIntegrated2#hasTransferTarget'	'http://www.w3.org/2000/01/rdf-schema#comment'	'The equipment target instance for transfer of content.'
'urn:absolute:ontoRiskIntegrated2#hasUnitOperation'	'http://www.w3.org/2000/01/rdf-schema#subPropertyOf'	'http://www.w3.org/2002/07/owl#topObjectProperty'
'urn:absolute:ontoRiskIntegrated2#hasUnitOperation'	'http://www.w3.org/2000/01/rdf-schema#comment'	'Maps the equipment instances to the unit operations' instances'
'urn:absolute:ontoRiskIntegrated2#hasriskrows_API'	'http://www.w3.org/2000/01/rdf-schema#subPropertyOf'	'urn:absolute:ontoRiskIntegrated2#hasAssociatedRiskgrid'
'urn:absolute:ontoRiskIntegrated2#hasriskrows_DP'	'http://www.w3.org/2000/01/rdf-schema#subPropertyOf'	'urn:absolute:ontoRiskIntegrated2#hasDPRiskgrid'
'urn:absolute:ontoRiskIntegrated2#hasriskrows_RBA'	'http://www.w3.org/2000/01/rdf-schema#subPropertyOf'	'urn:absolute:ontoRiskIntegrated2#hasRBARiskgrid'
'urn:absolute:ontoRiskIntegrated2#hasriskrows_ss'	'http://www.w3.org/2000/01/rdf-schema#subPropertyOf'	'urn:absolute:ontoRiskIntegrated2#hasSolidstateRiskgrid'
'urn:absolute:ontoRiskIntegrated2#hasBatchTime'	'http://www.w3.org/2000/01/rdf-schema#subPropertyOf'	'urn:absolute:ontoRiskIntegrated2#hasUnitOperationDetails'
'urn:absolute:ontoRiskIntegrated2#hasBatchTime'	'http://www.w3.org/2000/01/rdf-schema#range'	'http://www.w3.org/2001/XMLSchema#decimal'
'urn:absolute:ontoRiskIntegrated2#hasCQAs'	'http://www.w3.org/2000/01/rdf-schema#comment'	'A superproperty of the material properties'
'urn:absolute:ontoRiskIntegrated2#hasChargedAmount'	'http://www.w3.org/2000/01/rdf-schema#subPropertyOf'	'urn:absolute:ontoRiskIntegrated2#hasUnitOperationDetails'
'urn:absolute:ontoRiskIntegrated2#hasChargedAmount'	'http://www.w3.org/2000/01/rdf-schema#range'	'http://www.w3.org/2001/XMLSchema#decimal'
'urn:absolute:ontoRiskIntegrated2#hasChargedAmount'	'http://www.w3.org/2000/01/rdf-schema#comment'	'Amount of material charged.'
'urn:absolute:ontoRiskIntegrated2#hasMetaInformation'	'http://www.w3.org/2000/01/rdf-schema#comment'	'Links rgMetaData instance with associated data values to populate the meta information instances.'
'urn:absolute:ontoRiskIntegrated2#hasOperationTime'	'http://www.w3.org/2000/01/rdf-schema#subPropertyOf'	'urn:absolute:ontoRiskIntegrated2#hasUnitOperationDetails'
'urn:absolute:ontoRiskIntegrated2#hasOperationTime'	'http://www.w3.org/2000/01/rdf-schema#range'	'http://www.w3.org/2001/XMLSchema#decimal'
'urn:absolute:ontoRiskIntegrated2#hasProcessAPI'	'http://www.w3.org/2000/01/rdf-schema#subPropertyOf'	'urn:absolute:ontoRiskIntegrated2#hasMaterialProcess'
'urn:absolute:ontoRiskIntegrated2#hasProcessAPIStep'	'http://www.w3.org/2000/01/rdf-schema#subPropertyOf'	'urn:absolute:ontoRiskIntegrated2#hasMaterialProcess'
'urn:absolute:ontoRiskIntegrated2#hasProcessDP'	'http://www.w3.org/2000/01/rdf-schema#subPropertyOf'	'urn:absolute:ontoRiskIntegrated2#hasMaterialProcess'
'urn:absolute:ontoRiskIntegrated2#hasProcessDPIntermediate'	'http://www.w3.org/2000/01/rdf-schema#subPropertyOf'	'urn:absolute:ontoRiskIntegrated2#hasMaterialProcess'
'urn:absolute:ontoRiskIntegrated2#hasPropertiesComposition'	'http://www.w3.org/2000/01/rdf-schema#subPropertyOf'	'urn:absolute:ontoRiskIntegrated2#hasMaterialProperty'
'urn:absolute:ontoRiskIntegrated2#hasPropertiesFlow'	'http://www.w3.org/2000/01/rdf-schema#subPropertyOf'	'urn:absolute:ontoRiskIntegrated2#hasMaterialProperty'
'urn:absolute:ontoRiskIntegrated2#hasPropertiesPhysical'	'http://www.w3.org/2000/01/rdf-schema#subPropertyOf'	'urn:absolute:ontoRiskIntegrated2#hasMaterialProperty'
'urn:absolute:ontoRiskIntegrated2#hasPropertiesSolidPhase'	'http://www.w3.org/2000/01/rdf-schema#subPropertyOf'	'urn:absolute:ontoRiskIntegrated2#hasMaterialProperty'
'urn:absolute:ontoRiskIntegrated2#hasRisk'	'http://www.w3.org/2000/01/rdf-schema#subPropertyOf'	'http://www.w3.org/2002/07/owl#topDataProperty'
'urn:absolute:ontoRiskIntegrated2#hasRisk'	'http://www.w3.org/2000/01/rdf-schema#comment'	'Maps risk grid rows to their corresponding risk levels,Super property should never be functional here as well.'
'urn:absolute:ontoRiskIntegrated2#hasRiskDefault'	'http://www.w3.org/2000/01/rdf-schema#subPropertyOf'	'urn:absolute:ontoRiskIntegrated2#hasRisk'
'urn:absolute:ontoRiskIntegrated2#hasRiskManual'	'http://www.w3.org/2000/01/rdf-schema#subPropertyOf'	'urn:absolute:ontoRiskIntegrated2#hasRisk'
'urn:absolute:ontoRiskIntegrated2#hasRiskType'	'http://www.w3.org/1999/02/22-rdf-syntax-ns#type'	'http://www.w3.org/2002/07/owl#FunctionalProperty'
'urn:absolute:ontoRiskIntegrated2#hasRiskType'	'http://www.w3.org/2000/01/rdf-schema#comment'	'Functional since each row individual can have one risk type only.,maps the risk grid type for each row individual in the riskgrid'
'urn:absolute:ontoRiskIntegrated2#hasSequenceNumber'	'http://www.w3.org/2000/01/rdf-schema#subPropertyOf'	'urn:absolute:ontoRiskIntegrated2#hasUnitOperationDetails'
'urn:absolute:ontoRiskIntegrated2#hasSequenceNumber'	'http://www.w3.org/2000/01/rdf-schema#range'	'http://www.w3.org/2001/XMLSchema#decimal'
'urn:absolute:ontoRiskIntegrated2#hasSequenceNumber'	'http://www.w3.org/2000/01/rdf-schema#comment'	'For assigning sequence number to unit operations'
'urn:absolute:ontoRiskIntegrated2#hasTransferAmount'	'http://www.w3.org/2000/01/rdf-schema#subPropertyOf'	'urn:absolute:ontoRiskIntegrated2#hasUnitOperationDetails'
'urn:absolute:ontoRiskIntegrated2#hasUnitDescription'	'http://www.w3.org/2000/01/rdf-schema#subPropertyOf'	'urn:absolute:ontoRiskIntegrated2#hasUnitOperationDetails'
'urn:absolute:ontoRiskIntegrated2#hasUnitDescription'	'http://www.w3.org/2000/01/rdf-schema#comment'	'Assigns description to the unit operations' instances.'
'urn:absolute:ontoRiskIntegrated2#hasUnitOperationDetails'	'http://www.w3.org/2000/01/rdf-schema#comment'	'Assigns description about the unit operations using sub properties'
'urn:absolute:ontoRiskIntegrated2#hasVesselOccupancyTime'	'http://www.w3.org/2000/01/rdf-schema#subPropertyOf'	'urn:absolute:ontoRiskIntegrated2#hasUnitOperationDetails'
'urn:absolute:ontoRiskIntegrated2#hasVesselOccupancyTime'	'http://www.w3.org/2000/01/rdf-schema#range'	'http://www.w3.org/2001/XMLSchema#decimal'
'urn:absolute:ontoRiskIntegrated2#has_date_filled'	'http://www.w3.org/2000/01/rdf-schema#subPropertyOf'	'urn:absolute:ontoRiskIntegrated2#hasMetaInformation'
'urn:absolute:ontoRiskIntegrated2#has_date_filled'	'http://www.w3.org/2000/01/rdf-schema#range'	'http://www.w3.org/2001/XMLSchema#dateTime'
'urn:absolute:ontoRiskIntegrated2#has_lotnumber_array_data'	'http://www.w3.org/2000/01/rdf-schema#comment'	'Testing array-like ranges for data properties'
'urn:absolute:ontoRiskIntegrated2#has_person_name'	'http://www.w3.org/2000/01/rdf-schema#subPropertyOf'	'urn:absolute:ontoRiskIntegrated2#hasMetaInformation'
'urn:absolute:ontoRiskIntegrated2#has_proc_Are_there_unit_ops_that_are_not_commercializable'	'http://www.w3.org/2000/01/rdf-schema#subPropertyOf'	'urn:absolute:ontoRiskIntegrated2#hasProcessAPI'
'urn:absolute:ontoRiskIntegrated2#has_proc_COPS_USD_per_kg_API'	'http://www.w3.org/2000/01/rdf-schema#subPropertyOf'	'urn:absolute:ontoRiskIntegrated2#hasProcessAPI'
'urn:absolute:ontoRiskIntegrated2#has_proc_COPS_perc_lessthan_10perc'	'http://www.w3.org/2000/01/rdf-schema#subPropertyOf'	'urn:absolute:ontoRiskIntegrated2#hasProcessAPI'
'urn:absolute:ontoRiskIntegrated2#has_proc_CQAs_defined_and_in_line_with_prior_similar_projects'	'http://www.w3.org/2000/01/rdf-schema#subPropertyOf'	'urn:absolute:ontoRiskIntegrated2#hasProcessAPI'
'urn:absolute:ontoRiskIntegrated2#has_proc_Can_C3_work_be_executed_in_the_network'	'http://www.w3.org/2000/01/rdf-schema#subPropertyOf'	'urn:absolute:ontoRiskIntegrated2#hasProcessAPI'
'urn:absolute:ontoRiskIntegrated2#has_proc_Capital_investment_required_for_Validation_Campaign'	'http://www.w3.org/2000/01/rdf-schema#subPropertyOf'	'urn:absolute:ontoRiskIntegrated2#hasProcessAPI'
'urn:absolute:ontoRiskIntegrated2#has_proc_Containment_Level'	'http://www.w3.org/2000/01/rdf-schema#subPropertyOf'	'urn:absolute:ontoRiskIntegrated2#hasProcessAPI'
'urn:absolute:ontoRiskIntegrated2#has_proc_Control_points_in_registered_sequence_ratio_of_steps_to_isolations'	'http://www.w3.org/2000/01/rdf-schema#subPropertyOf'	'urn:absolute:ontoRiskIntegrated2#hasProcessAPI'
'urn:absolute:ontoRiskIntegrated2#has_proc_Critical_Process_Parameters_defined'	'http://www.w3.org/2000/01/rdf-schema#subPropertyOf'	'urn:absolute:ontoRiskIntegrated2#hasProcessAPI'
'urn:absolute:ontoRiskIntegrated2#has_proc_Do_any_starting_materials_fail_the_API_SM_risk_model'	'http://www.w3.org/2000/01/rdf-schema#subPropertyOf'	'urn:absolute:ontoRiskIntegrated2#hasProcessAPI'
'urn:absolute:ontoRiskIntegrated2#has_proc_Does_the_route_contain_any_chemicals_of_concern_CoCs'	'http://www.w3.org/2000/01/rdf-schema#subPropertyOf'	'urn:absolute:ontoRiskIntegrated2#hasProcessAPI'
'urn:absolute:ontoRiskIntegrated2#has_proc_FTO'	'http://www.w3.org/2000/01/rdf-schema#subPropertyOf'	'urn:absolute:ontoRiskIntegrated2#hasProcessAPI'
'urn:absolute:ontoRiskIntegrated2#has_proc_Impurity_Control'	'http://www.w3.org/2000/01/rdf-schema#subPropertyOf'	'urn:absolute:ontoRiskIntegrated2#hasProcessAPI'
'urn:absolute:ontoRiskIntegrated2#has_proc_Impurity_qualification_required_going_forward'	'http://www.w3.org/2000/01/rdf-schema#subPropertyOf'	'urn:absolute:ontoRiskIntegrated2#hasProcessAPI'
'urn:absolute:ontoRiskIntegrated2#has_proc_In_process_monitoring_and_control_strategy_established_and_supported_byt_IPCs_CIPCs_PAT_and_analytical_testing_plan'	'http://www.w3.org/2000/01/rdf-schema#subPropertyOf'	'urn:absolute:ontoRiskIntegrated2#hasProcessAPI'
'urn:absolute:ontoRiskIntegrated2#has_proc_Is_the_route_and_associated_reagents_catalysts_able_to_deliver_the_next_material_delivery'	'http://www.w3.org/2000/01/rdf-schema#subPropertyOf'	'urn:absolute:ontoRiskIntegrated2#hasProcessAPI'
'urn:absolute:ontoRiskIntegrated2#has_proc_Lead_time_for_Capital_investment_vs_timeline_constraints'	'http://www.w3.org/2000/01/rdf-schema#subPropertyOf'	'urn:absolute:ontoRiskIntegrated2#hasProcessAPI'
'urn:absolute:ontoRiskIntegrated2#has_proc_Lead_time_for_Delivery_for_SR_numberof_months'	'http://www.w3.org/2000/01/rdf-schema#subPropertyOf'	'urn:absolute:ontoRiskIntegrated2#hasProcessAPI'
'urn:absolute:ontoRiskIntegrated2#has_proc_Longest_Linear_Sequence'	'http://www.w3.org/2000/01/rdf-schema#subPropertyOf'	'urn:absolute:ontoRiskIntegrated2#hasProcessAPI'
'urn:absolute:ontoRiskIntegrated2#has_proc_Manufacturing_capacity_available'	'http://www.w3.org/2000/01/rdf-schema#subPropertyOf'	'urn:absolute:ontoRiskIntegrated2#hasProcessAPI'
'urn:absolute:ontoRiskIntegrated2#has_proc_Material_Supply_Chain_longest_lead_time_for_raw_materials_weeks'	'http://www.w3.org/2000/01/rdf-schema#subPropertyOf'	'urn:absolute:ontoRiskIntegrated2#hasProcessAPI'
'urn:absolute:ontoRiskIntegrated2#has_proc_Methods_appropriate_for_phase_of_development'	'http://www.w3.org/2000/01/rdf-schema#subPropertyOf'	'urn:absolute:ontoRiskIntegrated2#hasProcessAPI'
'urn:absolute:ontoRiskIntegrated2#has_proc_Narrow_PAR_ranges_for_one_or_more_steps_in_the_Reg_Sequence'	'http://www.w3.org/2000/01/rdf-schema#subPropertyOf'	'urn:absolute:ontoRiskIntegrated2#hasProcessAPI'
'urn:absolute:ontoRiskIntegrated2#has_proc_Non_critical_process_parameter_PARs_in_place'	'http://www.w3.org/2000/01/rdf-schema#subPropertyOf'	'urn:absolute:ontoRiskIntegrated2#hasProcessAPI'
'urn:absolute:ontoRiskIntegrated2#has_proc_Number_of_High_Hazard_Steps'	'http://www.w3.org/2000/01/rdf-schema#subPropertyOf'	'urn:absolute:ontoRiskIntegrated2#hasProcessAPI'
'urn:absolute:ontoRiskIntegrated2#has_proc_Number_of_Isolations'	'http://www.w3.org/2000/01/rdf-schema#subPropertyOf'	'urn:absolute:ontoRiskIntegrated2#hasProcessAPI'
'urn:absolute:ontoRiskIntegrated2#has_proc_Number_of_New_Impurites_relative_to_last_delivery_of_material_used_in_CTs'	'http://www.w3.org/2000/01/rdf-schema#subPropertyOf'	'urn:absolute:ontoRiskIntegrated2#hasProcessAPI'
'urn:absolute:ontoRiskIntegrated2#has_proc_Number_of_materials_that_contain_high_energy_FGs'	'http://www.w3.org/2000/01/rdf-schema#subPropertyOf'	'urn:absolute:ontoRiskIntegrated2#hasProcessAPI'
'urn:absolute:ontoRiskIntegrated2#has_proc_Overall_Process_Robustness'	'http://www.w3.org/2000/01/rdf-schema#subPropertyOf'	'urn:absolute:ontoRiskIntegrated2#hasProcessAPI'
'urn:absolute:ontoRiskIntegrated2#has_proc_PAT_strategy_defined'	'http://www.w3.org/2000/01/rdf-schema#subPropertyOf'	'urn:absolute:ontoRiskIntegrated2#hasProcessAPI'
'urn:absolute:ontoRiskIntegrated2#has_proc_Particle_size_control'	'http://www.w3.org/2000/01/rdf-schema#subPropertyOf'	'urn:absolute:ontoRiskIntegrated2#hasProcessAPI'
'urn:absolute:ontoRiskIntegrated2#has_proc_Percentage_of_GMP_steps_amenable_to_PAR_automation'	'http://www.w3.org/2000/01/rdf-schema#subPropertyOf'	'urn:absolute:ontoRiskIntegrated2#hasProcessAPI'
'urn:absolute:ontoRiskIntegrated2#has_proc_Percentage_of_steps_amenable_to_modeling_approaches_for_C3'	'http://www.w3.org/2000/01/rdf-schema#subPropertyOf'	'urn:absolute:ontoRiskIntegrated2#hasProcessAPI'
'urn:absolute:ontoRiskIntegrated2#has_proc_Platform_type'	'http://www.w3.org/2000/01/rdf-schema#subPropertyOf'	'urn:absolute:ontoRiskIntegrated2#hasProcessDP,urn:absolute:ontoRiskIntegrated2#hasProcessDPIntermediate'
'urn:absolute:ontoRiskIntegrated2#has_proc_Polymorph_control'	'http://www.w3.org/2000/01/rdf-schema#subPropertyOf'	'urn:absolute:ontoRiskIntegrated2#hasProcessAPI'
'urn:absolute:ontoRiskIntegrated2#has_proc_Process_Comparability_between_Pivotal_FRD_Primary_Stability_and_Validation'	'http://www.w3.org/2000/01/rdf-schema#subPropertyOf'	'urn:absolute:ontoRiskIntegrated2#hasProcessAPI'
'urn:absolute:ontoRiskIntegrated2#has_proc_Process_Portability'	'http://www.w3.org/2000/01/rdf-schema#subPropertyOf'	'urn:absolute:ontoRiskIntegrated2#hasProcessAPI'
'urn:absolute:ontoRiskIntegrated2#has_proc_Release_method_in_place_Potency_and_Purity'	'http://www.w3.org/2000/01/rdf-schema#subPropertyOf'	'urn:absolute:ontoRiskIntegrated2#hasProcessAPI'
'urn:absolute:ontoRiskIntegrated2#has_proc_Specifications_defined_and_in_line_with_prior_projects'	'http://www.w3.org/2000/01/rdf-schema#subPropertyOf'	'urn:absolute:ontoRiskIntegrated2#hasProcessAPI'
'urn:absolute:ontoRiskIntegrated2#has_proc_Unit_operations'	'http://www.w3.org/2000/01/rdf-schema#subPropertyOf'	'urn:absolute:ontoRiskIntegrated2#hasProcessAPIStep,urn:absolute:ontoRiskIntegrated2#hasProcessDP,urn:absolute:ontoRiskIntegrated2#hasProcessDPIntermediate'
'urn:absolute:ontoRiskIntegrated2#has_proc_number_of_total_transformations_in_whole_route'	'http://www.w3.org/2000/01/rdf-schema#subPropertyOf'	'urn:absolute:ontoRiskIntegrated2#hasProcessAPI'
'urn:absolute:ontoRiskIntegrated2#has_proc_number_of_transformations_in_shortest_linear_sequence_in_Registered_steps_based_upon_API_SM_RA_tool_prediction_of_latest_lowest_risk_SMs'	'http://www.w3.org/2000/01/rdf-schema#subPropertyOf'	'urn:absolute:ontoRiskIntegrated2#hasProcessAPI'
'urn:absolute:ontoRiskIntegrated2#has_proc_numberof_steps_requiring_greaterthanequalto_level_3_containment'	'http://www.w3.org/2000/01/rdf-schema#subPropertyOf'	'urn:absolute:ontoRiskIntegrated2#hasProcessAPI'
'urn:absolute:ontoRiskIntegrated2#has_proc_solid_state_aspects_of_intermediates_are_the_isolations_complex'	'http://www.w3.org/2000/01/rdf-schema#subPropertyOf'	'urn:absolute:ontoRiskIntegrated2#hasProcessAPI'
'urn:absolute:ontoRiskIntegrated2#has_solvent_notebook_ref'	'http://www.w3.org/2000/01/rdf-schema#range'	'http://www.w3.org/2001/XMLSchema#string'
'urn:absolute:ontoRiskIntegrated2#has_sproc_In_process_tests'	'http://www.w3.org/2000/01/rdf-schema#subPropertyOf'	'urn:absolute:ontoRiskIntegrated2#has_proc_Unit_operations'
'urn:absolute:ontoRiskIntegrated2#has_sproc_Process_Parameters'	'http://www.w3.org/2000/01/rdf-schema#subPropertyOf'	'urn:absolute:ontoRiskIntegrated2#has_proc_Unit_operations'
'urn:absolute:ontoRiskIntegrated2#has_sproc_Raw_material_acceptance_criteria'	'http://www.w3.org/2000/01/rdf-schema#subPropertyOf'	'urn:absolute:ontoRiskIntegrated2#has_proc_Unit_operations'
'urn:absolute:ontoRiskIntegrated2#has_sproc_Release_methods'	'http://www.w3.org/2000/01/rdf-schema#subPropertyOf'	'urn:absolute:ontoRiskIntegrated2#has_proc_Unit_operations'
'urn:absolute:ontoRiskIntegrated2#has_sproc_Specifications'	'http://www.w3.org/2000/01/rdf-schema#subPropertyOf'	'urn:absolute:ontoRiskIntegrated2#has_proc_Unit_operations'
'urn:absolute:ontoRiskIntegrated2#has_sprop_Aeration_Ratio'	'http://www.w3.org/2000/01/rdf-schema#subPropertyOf'	'urn:absolute:ontoRiskIntegrated2#hasPropertiesFlow'
'urn:absolute:ontoRiskIntegrated2#has_sprop_Appearance'	'http://www.w3.org/2000/01/rdf-schema#subPropertyOf'	'urn:absolute:ontoRiskIntegrated2#hasCQAs,urn:absolute:ontoRiskIntegrated2#hasPropertiesComposition,urn:absolute:ontoRiskIntegrated2#hasPropertiesSolidPhase'
'urn:absolute:ontoRiskIntegrated2#has_sprop_Breaking_Force'	'http://www.w3.org/2000/01/rdf-schema#subPropertyOf'	'urn:absolute:ontoRiskIntegrated2#hasPropertiesComposition'
'urn:absolute:ontoRiskIntegrated2#has_sprop_Chemical_stability'	'http://www.w3.org/2000/01/rdf-schema#subPropertyOf'	'urn:absolute:ontoRiskIntegrated2#hasPropertiesComposition,urn:absolute:ontoRiskIntegrated2#hasPropertiesSolidPhase'
'urn:absolute:ontoRiskIntegrated2#has_sprop_Dissolution'	'http://www.w3.org/2000/01/rdf-schema#subPropertyOf'	'urn:absolute:ontoRiskIntegrated2#hasCQAs,urn:absolute:ontoRiskIntegrated2#hasPropertiesComposition,urn:absolute:ontoRiskIntegrated2#hasPropertiesSolidPhase'
'urn:absolute:ontoRiskIntegrated2#has_sprop_Dosage_Form'	'http://www.w3.org/2000/01/rdf-schema#subPropertyOf'	'urn:absolute:ontoRiskIntegrated2#hasPropertiesComposition'
'urn:absolute:ontoRiskIntegrated2#has_sprop_FFC'	'http://www.w3.org/2000/01/rdf-schema#subPropertyOf'	'urn:absolute:ontoRiskIntegrated2#hasPropertiesFlow'
'urn:absolute:ontoRiskIntegrated2#has_sprop_Glass_transition_temperature'	'http://www.w3.org/2000/01/rdf-schema#subPropertyOf'	'urn:absolute:ontoRiskIntegrated2#hasPropertiesSolidPhase'
'urn:absolute:ontoRiskIntegrated2#has_sprop_Hausner_ratio'	'http://www.w3.org/2000/01/rdf-schema#subPropertyOf'	'urn:absolute:ontoRiskIntegrated2#hasPropertiesFlow'
'urn:absolute:ontoRiskIntegrated2#has_sprop_Heat_of_fusion'	'http://www.w3.org/2000/01/rdf-schema#subPropertyOf'	'urn:absolute:ontoRiskIntegrated2#hasPropertiesSolidPhase'
'urn:absolute:ontoRiskIntegrated2#has_sprop_Hygroscopicity'	'http://www.w3.org/2000/01/rdf-schema#subPropertyOf'	'urn:absolute:ontoRiskIntegrated2#hasPropertiesSolidPhase'
'urn:absolute:ontoRiskIntegrated2#has_sprop_Impurity_levels'	'http://www.w3.org/2000/01/rdf-schema#subPropertyOf'	'urn:absolute:ontoRiskIntegrated2#hasPropertiesComposition'
'urn:absolute:ontoRiskIntegrated2#has_sprop_Inorganic_levels'	'http://www.w3.org/2000/01/rdf-schema#subPropertyOf'	'urn:absolute:ontoRiskIntegrated2#hasPropertiesComposition'
'urn:absolute:ontoRiskIntegrated2#has_sprop_Melting_point'	'http://www.w3.org/2000/01/rdf-schema#subPropertyOf'	'urn:absolute:ontoRiskIntegrated2#hasPropertiesSolidPhase'
'urn:absolute:ontoRiskIntegrated2#has_sprop_PSD'	'http://www.w3.org/2000/01/rdf-schema#subPropertyOf'	'urn:absolute:ontoRiskIntegrated2#hasCQAs,urn:absolute:ontoRiskIntegrated2#hasPropertiesPhysical'
'urn:absolute:ontoRiskIntegrated2#has_sprop_Physical_stability'	'http://www.w3.org/2000/01/rdf-schema#subPropertyOf'	'urn:absolute:ontoRiskIntegrated2#hasPropertiesComposition,urn:absolute:ontoRiskIntegrated2#hasPropertiesSolidPhase'
'urn:absolute:ontoRiskIntegrated2#has_sprop_Polymorphism'	'http://www.w3.org/2000/01/rdf-schema#subPropertyOf'	'urn:absolute:ontoRiskIntegrated2#hasCQAs,urn:absolute:ontoRiskIntegrated2#hasPropertiesSolidPhase'
'urn:absolute:ontoRiskIntegrated2#has_sprop_Potency'	'http://www.w3.org/2000/01/rdf-schema#subPropertyOf'	'urn:absolute:ontoRiskIntegrated2#hasCQAs,urn:absolute:ontoRiskIntegrated2#hasPropertiesComposition'
'urn:absolute:ontoRiskIntegrated2#has_sprop_Purity'	'http://www.w3.org/2000/01/rdf-schema#subPropertyOf'	'urn:absolute:ontoRiskIntegrated2#hasCQAs,urn:absolute:ontoRiskIntegrated2#hasPropertiesComposition'
'urn:absolute:ontoRiskIntegrated2#has_sprop_Residual_solvent_levels'	'http://www.w3.org/2000/01/rdf-schema#subPropertyOf'	'urn:absolute:ontoRiskIntegrated2#hasPropertiesComposition'
'urn:absolute:ontoRiskIntegrated2#has_sprop_Size_Tablet_or_capsule'	'http://www.w3.org/2000/01/rdf-schema#subPropertyOf'	'urn:absolute:ontoRiskIntegrated2#hasPropertiesSolidPhase'
'urn:absolute:ontoRiskIntegrated2#has_sprop_Solid_State'	'http://www.w3.org/2000/01/rdf-schema#subPropertyOf'	'urn:absolute:ontoRiskIntegrated2#hasCQAs,urn:absolute:ontoRiskIntegrated2#hasPropertiesSolidPhase'
'urn:absolute:ontoRiskIntegrated2#has_sprop_Solid_state_amorphous'	'http://www.w3.org/2000/01/rdf-schema#subPropertyOf'	'urn:absolute:ontoRiskIntegrated2#hasPropertiesSolidPhase'
'urn:absolute:ontoRiskIntegrated2#has_sprop_Solubility'	'http://www.w3.org/2000/01/rdf-schema#subPropertyOf'	'urn:absolute:ontoRiskIntegrated2#hasPropertiesSolidPhase'
'urn:absolute:ontoRiskIntegrated2#has_sprop_Specific_Energy'	'http://www.w3.org/2000/01/rdf-schema#subPropertyOf'	'urn:absolute:ontoRiskIntegrated2#hasPropertiesFlow'
'urn:absolute:ontoRiskIntegrated2#has_sprop_State_of_Crystallinity'	'http://www.w3.org/2000/01/rdf-schema#subPropertyOf'	'urn:absolute:ontoRiskIntegrated2#hasCQAs,urn:absolute:ontoRiskIntegrated2#hasPropertiesSolidPhase'
'urn:absolute:ontoRiskIntegrated2#has_sprop_Unit_Formula'	'http://www.w3.org/2000/01/rdf-schema#subPropertyOf'	'urn:absolute:ontoRiskIntegrated2#hasPropertiesComposition'
'urn:absolute:ontoRiskIntegrated2#has_sprop_Weight_gain_from_coating'	'http://www.w3.org/2000/01/rdf-schema#subPropertyOf'	'urn:absolute:ontoRiskIntegrated2#hasPropertiesSolidPhase'
'urn:absolute:ontoRiskIntegrated2#has_sprop_bulk_density'	'http://www.w3.org/2000/01/rdf-schema#subPropertyOf'	'urn:absolute:ontoRiskIntegrated2#hasPropertiesPhysical'
'urn:absolute:ontoRiskIntegrated2#has_sprop_light_stability'	'http://www.w3.org/2000/01/rdf-schema#subPropertyOf'	'urn:absolute:ontoRiskIntegrated2#hasPropertiesComposition,urn:absolute:ontoRiskIntegrated2#hasPropertiesSolidPhase'
'urn:absolute:ontoRiskIntegrated2#has_sprop_numberof_tablets_per_capsules'	'http://www.w3.org/2000/01/rdf-schema#subPropertyOf'	'urn:absolute:ontoRiskIntegrated2#hasPropertiesSolidPhase'
'urn:absolute:ontoRiskIntegrated2#has_sprop_pH_stability'	'http://www.w3.org/2000/01/rdf-schema#subPropertyOf'	'urn:absolute:ontoRiskIntegrated2#hasPropertiesComposition,urn:absolute:ontoRiskIntegrated2#hasPropertiesSolidPhase'
'urn:absolute:ontoRiskIntegrated2#has_sprop_perc_Drug_load'	'http://www.w3.org/2000/01/rdf-schema#subPropertyOf'	'urn:absolute:ontoRiskIntegrated2#hasPropertiesComposition'
'urn:absolute:ontoRiskIntegrated2#has_sprop_specific_surface_area'	'http://www.w3.org/2000/01/rdf-schema#subPropertyOf'	'urn:absolute:ontoRiskIntegrated2#hasPropertiesPhysical'
'urn:absolute:ontoRiskIntegrated2#has_sprop_tap_density'	'http://www.w3.org/2000/01/rdf-schema#subPropertyOf'	'urn:absolute:ontoRiskIntegrated2#hasPropertiesPhysical'
'urn:absolute:ontoRiskIntegrated2#'has_'proc_solid_state_aspects_of_intermediates,_can_they_be_rendered_to_continuous_processes'''	'http://www.w3.org/2000/01/rdf-schema#subPropertyOf'	'urn:absolute:ontoRiskIntegrated2#hasProcessAPI'
'http://www.semanticweb.org/vipul2310/ontologies/riskgridsOntoNewUpdated2#RiskGrids'	'http://www.w3.org/2000/01/rdf-schema#comment'	'This class contains instances of row entries for each risk grid type as instances of this class.'
'source:/CRIS-CU-COPE/Processes.owl#Equipment'	'http://www.w3.org/2000/01/rdf-schema#subClassOf'	'http://www.w3.org/2002/07/owl#Thing'
'source:/CRIS-CU-COPE/Processes.owl#Equipment'	'http://www.w3.org/2000/01/rdf-schema#isDefinedBy'	'This is the Class that identifies specific equipment.'
'source:/CRIS-CU-COPE/Processes.owl#Equipment'	'http://www.w3.org/2000/01/rdf-schema#label'	'Equipment'
'source:/CRIS-CU-COPE/Processes.owl#MeasuredOperatingParameters'	'http://www.w3.org/2000/01/rdf-schema#subClassOf'	'source:/CRIS-CU-COPE/Processes.owl#OperatingParameters'
'source:/CRIS-CU-COPE/Processes.owl#OperatingParameters'	'http://www.w3.org/2000/01/rdf-schema#subClassOf'	'http://www.w3.org/2002/07/owl#Thing'
'source:/CRIS-CU-COPE/Processes.owl#OperatingParameters'	'http://www.w3.org/2000/01/rdf-schema#comment'	'borrowed from COPE ontology'
'source:/CRIS-CU-COPE/Processes.owl#OperatingParameters'	'http://www.w3.org/2000/01/rdf-schema#isDefinedBy'	'This is the Class that specifies the operating parameters of an Equipment.'
'source:/CRIS-CU-COPE/Processes.owl#ProvenAcceptableOperatingParametersRange'	'http://www.w3.org/2000/01/rdf-schema#subClassOf'	'source:/CRIS-CU-COPE/Processes.owl#OperatingParameters'
'source:/CRIS-CU-COPE/Processes.owl#ReactorEquipment'	'http://www.w3.org/2000/01/rdf-schema#subClassOf'	'source:/CRIS-CU-COPE/Processes.owl#Equipment'
'source:/CRIS-CU-COPE/Processes.owl#TargetedOperatingParameters'	'http://www.w3.org/2000/01/rdf-schema#subClassOf'	'source:/CRIS-CU-COPE/Processes.owl#OperatingParameters'
'urn:absolute:ontoRiskIntegrated2#Attribute_Levels'	'http://www.w3.org/2000/01/rdf-schema#subClassOf'	'urn:absolute:ontoRiskIntegrated2#designSpecs'
'urn:absolute:ontoRiskIntegrated2#Attribute_Levels'	'http://www.w3.org/2000/01/rdf-schema#comment'	'This class contains all the attribute level instances organized through further subclasses.'
'urn:absolute:ontoRiskIntegrated2#CQAs'	'http://www.w3.org/2000/01/rdf-schema#comment'	'Superset of the subclasses in material properties. The instance of this class would have all the information about CQAs associated to a given drug.'
'urn:absolute:ontoRiskIntegrated2#Design_Attributes'	'http://www.w3.org/2000/01/rdf-schema#subClassOf'	'urn:absolute:ontoRiskIntegrated2#designSpecs'
'urn:absolute:ontoRiskIntegrated2#Design_Requirements'	'http://www.w3.org/2000/01/rdf-schema#subClassOf'	'urn:absolute:ontoRiskIntegrated2#designSpecs'
'urn:absolute:ontoRiskIntegrated2#Drug'	'http://www.w3.org/2000/01/rdf-schema#comment'	'Master drug class containing drug instances linked to their associated risk grids, material properties, processes, etc. through object/data properties.,The subclasses are specific drugs with drug lots as the instances'
'urn:absolute:ontoRiskIntegrated2#DryingEquipment'	'http://www.w3.org/2000/01/rdf-schema#subClassOf'	'source:/CRIS-CU-COPE/Processes.owl#Equipment'
'urn:absolute:ontoRiskIntegrated2#LotNumbers'	'http://www.w3.org/2000/01/rdf-schema#comment'	'Contains all the possible instances for lot numbers to limit the values they could take (cannot be arbitrary)'
'urn:absolute:ontoRiskIntegrated2#Material'	'http://www.w3.org/2000/01/rdf-schema#comment'	'Represents all the materials, organized into subclasses with instances being the specific lots of materials.,The various types of materials (such as acetic acid, benzene) are defined as classes. Instances are their specific lots received/manufactured.'
'urn:absolute:ontoRiskIntegrated2#Process'	'http://www.w3.org/2000/01/rdf-schema#comment'	'Instances of subclasses contain all the information for a given process using object and data properties.  Processes that differ even slighlty in terms of attributes would have separate instances.'
'urn:absolute:ontoRiskIntegrated2#ProductEquipment'	'http://www.w3.org/2000/01/rdf-schema#subClassOf'	'source:/CRIS-CU-COPE/Processes.owl#Equipment'
'urn:absolute:ontoRiskIntegrated2#QC_test'	'http://www.w3.org/2000/01/rdf-schema#subClassOf'	'urn:absolute:ontoRiskIntegrated2#UnitOperations'
'urn:absolute:ontoRiskIntegrated2#SolutionPreparationEquipment'	'http://www.w3.org/2000/01/rdf-schema#subClassOf'	'source:/CRIS-CU-COPE/Processes.owl#Equipment'
'urn:absolute:ontoRiskIntegrated2#UnitOperations'	'http://www.w3.org/2000/01/rdf-schema#comment'	'Unit operations based on the ABDP files'
'urn:absolute:ontoRiskIntegrated2#WashEquipment'	'http://www.w3.org/2000/01/rdf-schema#subClassOf'	'source:/CRIS-CU-COPE/Processes.owl#Equipment'
'urn:absolute:ontoRiskIntegrated2#age_contents'	'http://www.w3.org/2000/01/rdf-schema#subClassOf'	'urn:absolute:ontoRiskIntegrated2#UnitOperations'
'urn:absolute:ontoRiskIntegrated2#attrlevels_APIcryst'	'http://www.w3.org/2000/01/rdf-schema#subClassOf'	'urn:absolute:ontoRiskIntegrated2#Attribute_Levels'
'urn:absolute:ontoRiskIntegrated2#attrlevels_RBA'	'http://www.w3.org/2000/01/rdf-schema#subClassOf'	'urn:absolute:ontoRiskIntegrated2#Attribute_Levels'
'urn:absolute:ontoRiskIntegrated2#attrlevels_solidstate'	'http://www.w3.org/2000/01/rdf-schema#subClassOf'	'urn:absolute:ontoRiskIntegrated2#Attribute_Levels'
'urn:absolute:ontoRiskIntegrated2#charge'	'http://www.w3.org/2000/01/rdf-schema#subClassOf'	'urn:absolute:ontoRiskIntegrated2#UnitOperations'
'urn:absolute:ontoRiskIntegrated2#crystallize'	'http://www.w3.org/2000/01/rdf-schema#subClassOf'	'urn:absolute:ontoRiskIntegrated2#UnitOperations'
'urn:absolute:ontoRiskIntegrated2#dattrs_APIcryst'	'http://www.w3.org/2000/01/rdf-schema#subClassOf'	'urn:absolute:ontoRiskIntegrated2#Design_Attributes'
'urn:absolute:ontoRiskIntegrated2#dattrs_RBA'	'http://www.w3.org/2000/01/rdf-schema#subClassOf'	'urn:absolute:ontoRiskIntegrated2#Design_Attributes'
'urn:absolute:ontoRiskIntegrated2#dattrs_solidstate'	'http://www.w3.org/2000/01/rdf-schema#subClassOf'	'urn:absolute:ontoRiskIntegrated2#Design_Attributes'
'urn:absolute:ontoRiskIntegrated2#designSpecs'	'http://www.w3.org/2000/01/rdf-schema#comment'	'Contains the subclasses needed to completely define a row in a populated riskgrid sheet,The different organization (separately into levels, attributes, requirements) is to honor the is-a relationship that is implicitly implied between classes and their subclasses.,The specific instances for each class would be linked to riskgrid rows through object properties. No data property here since the riskgrid requirements, attributes, and attribute levels are fixed apriori.'
'urn:absolute:ontoRiskIntegrated2#dreqs_APIcryst'	'http://www.w3.org/2000/01/rdf-schema#subClassOf'	'urn:absolute:ontoRiskIntegrated2#Design_Requirements'
'urn:absolute:ontoRiskIntegrated2#dreqs_RBA'	'http://www.w3.org/2000/01/rdf-schema#subClassOf'	'urn:absolute:ontoRiskIntegrated2#Design_Requirements'
'urn:absolute:ontoRiskIntegrated2#dreqs_solidstate'	'http://www.w3.org/2000/01/rdf-schema#subClassOf'	'urn:absolute:ontoRiskIntegrated2#Design_Requirements'
'urn:absolute:ontoRiskIntegrated2#drugAA'	'http://www.w3.org/2000/01/rdf-schema#subClassOf'	'urn:absolute:ontoRiskIntegrated2#Drug'
'urn:absolute:ontoRiskIntegrated2#drugAA'	'http://www.w3.org/2000/01/rdf-schema#comment'	'Represents specific drug AA instances'
'urn:absolute:ontoRiskIntegrated2#drugCD'	'http://www.w3.org/2000/01/rdf-schema#subClassOf'	'urn:absolute:ontoRiskIntegrated2#Drug'
'urn:absolute:ontoRiskIntegrated2#drugCD'	'http://www.w3.org/2000/01/rdf-schema#comment'	'Represents specific drug CD instances'
'urn:absolute:ontoRiskIntegrated2#drugPQ'	'http://www.w3.org/2000/01/rdf-schema#subClassOf'	'urn:absolute:ontoRiskIntegrated2#Drug'
'urn:absolute:ontoRiskIntegrated2#drugPQ'	'http://www.w3.org/2000/01/rdf-schema#comment'	'Represents specific drug PQ instances'
'urn:absolute:ontoRiskIntegrated2#dry'	'http://www.w3.org/2000/01/rdf-schema#subClassOf'	'urn:absolute:ontoRiskIntegrated2#UnitOperations'
'urn:absolute:ontoRiskIntegrated2#filter'	'http://www.w3.org/2000/01/rdf-schema#subClassOf'	'urn:absolute:ontoRiskIntegrated2#UnitOperations'
'urn:absolute:ontoRiskIntegrated2#heat'	'http://www.w3.org/2000/01/rdf-schema#subClassOf'	'urn:absolute:ontoRiskIntegrated2#UnitOperations'
'urn:absolute:ontoRiskIntegrated2#mat_API'	'http://www.w3.org/2000/01/rdf-schema#subClassOf'	'urn:absolute:ontoRiskIntegrated2#Material'
'urn:absolute:ontoRiskIntegrated2#mat_API_intermediate'	'http://www.w3.org/2000/01/rdf-schema#subClassOf'	'urn:absolute:ontoRiskIntegrated2#mat_API'
'urn:absolute:ontoRiskIntegrated2#mat_DP'	'http://www.w3.org/2000/01/rdf-schema#subClassOf'	'urn:absolute:ontoRiskIntegrated2#Material'
'urn:absolute:ontoRiskIntegrated2#mat_DP_Intermediate'	'http://www.w3.org/2000/01/rdf-schema#subClassOf'	'urn:absolute:ontoRiskIntegrated2#mat_DP'
'urn:absolute:ontoRiskIntegrated2#mat_DP_Intermediate_Coated_Tablets'	'http://www.w3.org/2000/01/rdf-schema#subClassOf'	'urn:absolute:ontoRiskIntegrated2#mat_DP_Intermediate'
'urn:absolute:ontoRiskIntegrated2#mat_DP_Intermediate_SDD'	'http://www.w3.org/2000/01/rdf-schema#subClassOf'	'urn:absolute:ontoRiskIntegrated2#mat_DP_Intermediate'
'urn:absolute:ontoRiskIntegrated2#mat_DP_Packaged'	'http://www.w3.org/2000/01/rdf-schema#subClassOf'	'urn:absolute:ontoRiskIntegrated2#mat_DP'
'urn:absolute:ontoRiskIntegrated2#mat_Excipients'	'http://www.w3.org/2000/01/rdf-schema#subClassOf'	'urn:absolute:ontoRiskIntegrated2#Material'
'urn:absolute:ontoRiskIntegrated2#mat_Gases'	'http://www.w3.org/2000/01/rdf-schema#subClassOf'	'urn:absolute:ontoRiskIntegrated2#Material'
'urn:absolute:ontoRiskIntegrated2#mat_Impurity'	'http://www.w3.org/2000/01/rdf-schema#subClassOf'	'urn:absolute:ontoRiskIntegrated2#Material'
'urn:absolute:ontoRiskIntegrated2#mat_Reagents'	'http://www.w3.org/2000/01/rdf-schema#subClassOf'	'urn:absolute:ontoRiskIntegrated2#Material'
'urn:absolute:ontoRiskIntegrated2#mat_Solvents'	'http://www.w3.org/2000/01/rdf-schema#subClassOf'	'urn:absolute:ontoRiskIntegrated2#Material'
'urn:absolute:ontoRiskIntegrated2#mat_solvent_Acetic_acid'	'http://www.w3.org/2000/01/rdf-schema#subClassOf'	'urn:absolute:ontoRiskIntegrated2#mat_Solvents'
'urn:absolute:ontoRiskIntegrated2#mat_solvent_Acetone'	'http://www.w3.org/2000/01/rdf-schema#subClassOf'	'urn:absolute:ontoRiskIntegrated2#mat_Solvents'
'urn:absolute:ontoRiskIntegrated2#mat_solvent_Benzene'	'http://www.w3.org/2000/01/rdf-schema#subClassOf'	'urn:absolute:ontoRiskIntegrated2#mat_Solvents'
'urn:absolute:ontoRiskIntegrated2#mat_solvent_Butylacetate'	'http://www.w3.org/2000/01/rdf-schema#subClassOf'	'urn:absolute:ontoRiskIntegrated2#mat_Solvents'
'urn:absolute:ontoRiskIntegrated2#mat_solvent_Chloroform'	'http://www.w3.org/2000/01/rdf-schema#subClassOf'	'urn:absolute:ontoRiskIntegrated2#mat_Solvents'
'urn:absolute:ontoRiskIntegrated2#mat_solvent_Cumene'	'http://www.w3.org/2000/01/rdf-schema#subClassOf'	'urn:absolute:ontoRiskIntegrated2#mat_Solvents'
'urn:absolute:ontoRiskIntegrated2#materialProperties'	'http://www.w3.org/2000/01/rdf-schema#comment'	'Contains subclasses and instances for material properties.,The broader properties are classes and specific properties are data/object properties.'
'urn:absolute:ontoRiskIntegrated2#process_API'	'http://www.w3.org/2000/01/rdf-schema#subClassOf'	'urn:absolute:ontoRiskIntegrated2#Process'
'urn:absolute:ontoRiskIntegrated2#process_APIStep'	'http://www.w3.org/2000/01/rdf-schema#subClassOf'	'urn:absolute:ontoRiskIntegrated2#Process'
'urn:absolute:ontoRiskIntegrated2#process_DP'	'http://www.w3.org/2000/01/rdf-schema#subClassOf'	'urn:absolute:ontoRiskIntegrated2#Process'
'urn:absolute:ontoRiskIntegrated2#process_DPIntermediate'	'http://www.w3.org/2000/01/rdf-schema#subClassOf'	'urn:absolute:ontoRiskIntegrated2#Process'
'urn:absolute:ontoRiskIntegrated2#prop_Composition'	'http://www.w3.org/2000/01/rdf-schema#subClassOf'	'urn:absolute:ontoRiskIntegrated2#materialProperties'
'urn:absolute:ontoRiskIntegrated2#prop_Composition'	'http://www.w3.org/2000/01/rdf-schema#comment'	'Contains instaces with composition information through data properties'
'urn:absolute:ontoRiskIntegrated2#prop_Flow'	'http://www.w3.org/2000/01/rdf-schema#subClassOf'	'urn:absolute:ontoRiskIntegrated2#materialProperties'
'urn:absolute:ontoRiskIntegrated2#prop_Flow'	'http://www.w3.org/2000/01/rdf-schema#comment'	'Contains instaces with flow properties information through data properties'
'urn:absolute:ontoRiskIntegrated2#prop_Physical'	'http://www.w3.org/2000/01/rdf-schema#subClassOf'	'urn:absolute:ontoRiskIntegrated2#materialProperties'
'urn:absolute:ontoRiskIntegrated2#prop_Physical'	'http://www.w3.org/2000/01/rdf-schema#comment'	'Contains instaces with physical properties information through data properties'
'urn:absolute:ontoRiskIntegrated2#prop_SolidPhase'	'http://www.w3.org/2000/01/rdf-schema#subClassOf'	'urn:absolute:ontoRiskIntegrated2#materialProperties'
'urn:absolute:ontoRiskIntegrated2#prop_SolidPhase'	'http://www.w3.org/2000/01/rdf-schema#comment'	'Contains instaces with solid phase properties information through data properties'
'urn:absolute:ontoRiskIntegrated2#riskGridAPI'	'http://www.w3.org/2000/01/rdf-schema#subClassOf'	'http://www.semanticweb.org/vipul2310/ontologies/riskgridsOntoNewUpdated2#RiskGrids'
'urn:absolute:ontoRiskIntegrated2#riskGridAPI_rows'	'http://www.w3.org/2000/01/rdf-schema#subClassOf'	'urn:absolute:ontoRiskIntegrated2#riskGridAPI'
'urn:absolute:ontoRiskIntegrated2#riskGridAPIcrystal'	'http://www.w3.org/2000/01/rdf-schema#subClassOf'	'http://www.semanticweb.org/vipul2310/ontologies/riskgridsOntoNewUpdated2#RiskGrids'
'urn:absolute:ontoRiskIntegrated2#riskGridAPIcrystal_rows'	'http://www.w3.org/2000/01/rdf-schema#subClassOf'	'urn:absolute:ontoRiskIntegrated2#riskGridAPIcrystal'
'urn:absolute:ontoRiskIntegrated2#riskGridDP'	'http://www.w3.org/2000/01/rdf-schema#subClassOf'	'http://www.semanticweb.org/vipul2310/ontologies/riskgridsOntoNewUpdated2#RiskGrids'
'urn:absolute:ontoRiskIntegrated2#riskGridDP_rows'	'http://www.w3.org/2000/01/rdf-schema#subClassOf'	'urn:absolute:ontoRiskIntegrated2#riskGridDP'
'urn:absolute:ontoRiskIntegrated2#riskGridRBA'	'http://www.w3.org/2000/01/rdf-schema#subClassOf'	'http://www.semanticweb.org/vipul2310/ontologies/riskgridsOntoNewUpdated2#RiskGrids'
'urn:absolute:ontoRiskIntegrated2#riskGridRBA_rows'	'http://www.w3.org/2000/01/rdf-schema#subClassOf'	'urn:absolute:ontoRiskIntegrated2#riskGridRBA'
'urn:absolute:ontoRiskIntegrated2#riskGridsolidstate'	'http://www.w3.org/2000/01/rdf-schema#subClassOf'	'http://www.semanticweb.org/vipul2310/ontologies/riskgridsOntoNewUpdated2#RiskGrids'
'urn:absolute:ontoRiskIntegrated2#riskGridsolidstate_rows'	'http://www.w3.org/2000/01/rdf-schema#subClassOf'	'urn:absolute:ontoRiskIntegrated2#riskGridsolidstate'
'urn:absolute:ontoRiskIntegrated2#riskgridsMeta'	'http://www.w3.org/2000/01/rdf-schema#comment'	'Instances of this class would contain the meta information about riskgrids, and linked to riskgrid rows through object properties.'
'urn:absolute:ontoRiskIntegrated2#smat_degradation_impurity'	'http://www.w3.org/2000/01/rdf-schema#subClassOf'	'urn:absolute:ontoRiskIntegrated2#mat_Impurity'
'urn:absolute:ontoRiskIntegrated2#smat_derived_from_starting_materials'	'http://www.w3.org/2000/01/rdf-schema#subClassOf'	'urn:absolute:ontoRiskIntegrated2#mat_Impurity'
'urn:absolute:ontoRiskIntegrated2#smat_formed_in_the_reaction'	'http://www.w3.org/2000/01/rdf-schema#subClassOf'	'urn:absolute:ontoRiskIntegrated2#mat_Impurity'
'urn:absolute:ontoRiskIntegrated2#transfer'	'http://www.w3.org/2000/01/rdf-schema#subClassOf'	'urn:absolute:ontoRiskIntegrated2#UnitOperations'
'urn:absolute:ontoRiskIntegrated2#wash'	'http://www.w3.org/2000/01/rdf-schema#subClassOf'	'urn:absolute:ontoRiskIntegrated2#UnitOperations'
'urn:absolute:ontoRiskIntegrated2#AFD1'	'http://www.w3.org/1999/02/22-rdf-syntax-ns#type'	'urn:absolute:ontoRiskIntegrated2#DryingEquipment'
'urn:absolute:ontoRiskIntegrated2#Acetone1'	'http://www.w3.org/1999/02/22-rdf-syntax-ns#type'	'urn:absolute:ontoRiskIntegrated2#mat_solvent_Acetone'
'urn:absolute:ontoRiskIntegrated2#Butylacetate1'	'http://www.w3.org/1999/02/22-rdf-syntax-ns#type'	'urn:absolute:ontoRiskIntegrated2#mat_solvent_Butylacetate'
'urn:absolute:ontoRiskIntegrated2#CQA1'	'http://www.w3.org/1999/02/22-rdf-syntax-ns#type'	'urn:absolute:ontoRiskIntegrated2#CQAs'
'urn:absolute:ontoRiskIntegrated2#Chloroform1'	'http://www.w3.org/1999/02/22-rdf-syntax-ns#type'	'urn:absolute:ontoRiskIntegrated2#mat_solvent_Chloroform'
'urn:absolute:ontoRiskIntegrated2#Cumene1'	'http://www.w3.org/1999/02/22-rdf-syntax-ns#type'	'urn:absolute:ontoRiskIntegrated2#mat_solvent_Cumene'
'urn:absolute:ontoRiskIntegrated2#Hydroxylamine_soln_prep_tank'	'http://www.w3.org/1999/02/22-rdf-syntax-ns#type'	'urn:absolute:ontoRiskIntegrated2#SolutionPreparationEquipment'
'urn:absolute:ontoRiskIntegrated2#Hydroxylamine_soln_prep_tank'	'urn:absolute:ontoRiskIntegrated2#hasUnitOperation'	'urn:absolute:ontoRiskIntegrated2#charge_soln_prep_tank_1,urn:absolute:ontoRiskIntegrated2#transfer_soln_prep_tank_1'
'urn:absolute:ontoRiskIntegrated2#Product_bag'	'http://www.w3.org/1999/02/22-rdf-syntax-ns#type'	'urn:absolute:ontoRiskIntegrated2#ProductEquipment'
'urn:absolute:ontoRiskIntegrated2#R1'	'http://www.w3.org/1999/02/22-rdf-syntax-ns#type'	'source:/CRIS-CU-COPE/Processes.owl#ReactorEquipment'
'urn:absolute:ontoRiskIntegrated2#R1'	'urn:absolute:ontoRiskIntegrated2#hasUnitOperation'	'urn:absolute:ontoRiskIntegrated2#charge_R1_1,urn:absolute:ontoRiskIntegrated2#charge_R1_2,urn:absolute:ontoRiskIntegrated2#transfer_soln_prep_tank_1'
'urn:absolute:ontoRiskIntegrated2#Wash_makeup_tank'	'http://www.w3.org/1999/02/22-rdf-syntax-ns#type'	'urn:absolute:ontoRiskIntegrated2#WashEquipment'
'urn:absolute:ontoRiskIntegrated2#acetic_acid1'	'http://www.w3.org/1999/02/22-rdf-syntax-ns#type'	'urn:absolute:ontoRiskIntegrated2#mat_solvent_Acetic_acid'
'urn:absolute:ontoRiskIntegrated2#acetic_acid2'	'http://www.w3.org/1999/02/22-rdf-syntax-ns#type'	'urn:absolute:ontoRiskIntegrated2#mat_solvent_Acetic_acid'
'urn:absolute:ontoRiskIntegrated2#acetic_acid3'	'http://www.w3.org/1999/02/22-rdf-syntax-ns#type'	'urn:absolute:ontoRiskIntegrated2#mat_solvent_Acetic_acid'
'urn:absolute:ontoRiskIntegrated2#api_intermediate_1'	'http://www.w3.org/1999/02/22-rdf-syntax-ns#type'	'urn:absolute:ontoRiskIntegrated2#mat_API_intermediate'
'urn:absolute:ontoRiskIntegrated2#attr_Absorption_Modeling'	'http://www.w3.org/1999/02/22-rdf-syntax-ns#type'	'urn:absolute:ontoRiskIntegrated2#dattrs_RBA'
'urn:absolute:ontoRiskIntegrated2#attr_Absorption_dependent_on_particle_size'	'http://www.w3.org/1999/02/22-rdf-syntax-ns#type'	'urn:absolute:ontoRiskIntegrated2#dattrs_solidstate'
'urn:absolute:ontoRiskIntegrated2#attr_Acceptable_RBA_criteria'	'http://www.w3.org/1999/02/22-rdf-syntax-ns#type'	'urn:absolute:ontoRiskIntegrated2#dattrs_RBA'
'urn:absolute:ontoRiskIntegrated2#attr_Acceptable_stable_hold_points_in_the_process'	'http://www.w3.org/1999/02/22-rdf-syntax-ns#type'	'urn:absolute:ontoRiskIntegrated2#dattrs_APIcryst'
'urn:absolute:ontoRiskIntegrated2#attr_Accetable_cycle_time_at_this_stage_of_development'	'http://www.w3.org/1999/02/22-rdf-syntax-ns#type'	'urn:absolute:ontoRiskIntegrated2#dattrs_APIcryst'
'urn:absolute:ontoRiskIntegrated2#attr_Accetable_yield_at_this_stage_of_development'	'http://www.w3.org/1999/02/22-rdf-syntax-ns#type'	'urn:absolute:ontoRiskIntegrated2#dattrs_APIcryst'
'urn:absolute:ontoRiskIntegrated2#attr_Aggregation_agglomeration_risk_in_crystallization'	'http://www.w3.org/1999/02/22-rdf-syntax-ns#type'	'urn:absolute:ontoRiskIntegrated2#dattrs_APIcryst'
'urn:absolute:ontoRiskIntegrated2#attr_Aggregation_agglomeration_risk_upon_drying'	'http://www.w3.org/1999/02/22-rdf-syntax-ns#type'	'urn:absolute:ontoRiskIntegrated2#dattrs_APIcryst'
'urn:absolute:ontoRiskIntegrated2#attr_Aggregation_agglomeration_risk_upon_storage'	'http://www.w3.org/1999/02/22-rdf-syntax-ns#type'	'urn:absolute:ontoRiskIntegrated2#dattrs_APIcryst'
'urn:absolute:ontoRiskIntegrated2#attr_Any_mixing_sensitivity_observed_or_expected'	'http://www.w3.org/1999/02/22-rdf-syntax-ns#type'	'urn:absolute:ontoRiskIntegrated2#dattrs_APIcryst'
'urn:absolute:ontoRiskIntegrated2#attr_CQAs_defined_and_in_line_with_prior_similar_projects'	'http://www.w3.org/1999/02/22-rdf-syntax-ns#type'	'urn:absolute:ontoRiskIntegrated2#dattrs_APIcryst'
'urn:absolute:ontoRiskIntegrated2#attr_Change_related_to_pivotal_study'	'http://www.w3.org/1999/02/22-rdf-syntax-ns#type'	'urn:absolute:ontoRiskIntegrated2#dattrs_RBA'
'urn:absolute:ontoRiskIntegrated2#attr_Critical_Process_Parameters_defined'	'http://www.w3.org/1999/02/22-rdf-syntax-ns#type'	'urn:absolute:ontoRiskIntegrated2#dattrs_APIcryst'
'urn:absolute:ontoRiskIntegrated2#attr_Dabs_projected_dose'	'http://www.w3.org/1999/02/22-rdf-syntax-ns#type'	'urn:absolute:ontoRiskIntegrated2#dattrs_solidstate'
'urn:absolute:ontoRiskIntegrated2#attr_Dabs_projection_confidence_level'	'http://www.w3.org/1999/02/22-rdf-syntax-ns#type'	'urn:absolute:ontoRiskIntegrated2#dattrs_solidstate'
'urn:absolute:ontoRiskIntegrated2#attr_Dissolution_ASD'	'http://www.w3.org/1999/02/22-rdf-syntax-ns#type'	'urn:absolute:ontoRiskIntegrated2#dattrs_RBA'
'urn:absolute:ontoRiskIntegrated2#attr_Do_different_lots_of_raw_materals_and_reagents_impact_crystallization_kinetics_phys_props_and_or_rejection'	'http://www.w3.org/1999/02/22-rdf-syntax-ns#type'	'urn:absolute:ontoRiskIntegrated2#dattrs_APIcryst'
'urn:absolute:ontoRiskIntegrated2#attr_Dose_proportional_increase_in_exposure'	'http://www.w3.org/1999/02/22-rdf-syntax-ns#type'	'urn:absolute:ontoRiskIntegrated2#dattrs_RBA'
'urn:absolute:ontoRiskIntegrated2#attr_Enabling_technology_in_play_to_improve_phys_props_SiO2_meso_excipients'	'http://www.w3.org/1999/02/22-rdf-syntax-ns#type'	'urn:absolute:ontoRiskIntegrated2#dattrs_APIcryst'
'urn:absolute:ontoRiskIntegrated2#attr_Excipient_compatibility_chemical'	'http://www.w3.org/1999/02/22-rdf-syntax-ns#type'	'urn:absolute:ontoRiskIntegrated2#dattrs_solidstate'
'urn:absolute:ontoRiskIntegrated2#attr_Excipient_compatibility_physical'	'http://www.w3.org/1999/02/22-rdf-syntax-ns#type'	'urn:absolute:ontoRiskIntegrated2#dattrs_solidstate'
'urn:absolute:ontoRiskIntegrated2#attr_Fa_at_projected_dose'	'http://www.w3.org/1999/02/22-rdf-syntax-ns#type'	'urn:absolute:ontoRiskIntegrated2#dattrs_solidstate'
'urn:absolute:ontoRiskIntegrated2#attr_Filtration_flux_acceptable'	'http://www.w3.org/1999/02/22-rdf-syntax-ns#type'	'urn:absolute:ontoRiskIntegrated2#dattrs_APIcryst'
'urn:absolute:ontoRiskIntegrated2#attr_For_Salts_Cocrystals_Any_genotoxic_impurities_related_to_the_counterion_coformers_tox_limits_for_counterion_coformers'	'http://www.w3.org/1999/02/22-rdf-syntax-ns#type'	'urn:absolute:ontoRiskIntegrated2#dattrs_APIcryst'
'urn:absolute:ontoRiskIntegrated2#attr_For_Salts__or_Cocrystals_disproportionation_risk'	'http://www.w3.org/1999/02/22-rdf-syntax-ns#type'	'urn:absolute:ontoRiskIntegrated2#dattrs_APIcryst'
'urn:absolute:ontoRiskIntegrated2#attr_Formulation_Process_Change'	'http://www.w3.org/1999/02/22-rdf-syntax-ns#type'	'urn:absolute:ontoRiskIntegrated2#dattrs_RBA'
'urn:absolute:ontoRiskIntegrated2#attr_Highly_variable_PK_parameters'	'http://www.w3.org/1999/02/22-rdf-syntax-ns#type'	'urn:absolute:ontoRiskIntegrated2#dattrs_RBA'
'urn:absolute:ontoRiskIntegrated2#attr_Hygroscopicity'	'http://www.w3.org/1999/02/22-rdf-syntax-ns#type'	'urn:absolute:ontoRiskIntegrated2#dattrs_solidstate'
'urn:absolute:ontoRiskIntegrated2#attr_If_Solvent_swap_part_of_process_then_sensitivity_of_solubility_to_solvent_composition_and_sentivity_of_process'	'http://www.w3.org/1999/02/22-rdf-syntax-ns#type'	'urn:absolute:ontoRiskIntegrated2#dattrs_APIcryst'
'urn:absolute:ontoRiskIntegrated2#attr_Impurities_are_forming_in_Crystallization_Step_API_stability'	'http://www.w3.org/1999/02/22-rdf-syntax-ns#type'	'urn:absolute:ontoRiskIntegrated2#dattrs_APIcryst'
'urn:absolute:ontoRiskIntegrated2#attr_Impurity_Control'	'http://www.w3.org/1999/02/22-rdf-syntax-ns#type'	'urn:absolute:ontoRiskIntegrated2#dattrs_APIcryst'
'urn:absolute:ontoRiskIntegrated2#attr_Impurity_particularly_GTI_removal_required_at_this_step'	'http://www.w3.org/1999/02/22-rdf-syntax-ns#type'	'urn:absolute:ontoRiskIntegrated2#dattrs_APIcryst'
'urn:absolute:ontoRiskIntegrated2#attr_Inorganics_potency_ROI_issues'	'http://www.w3.org/1999/02/22-rdf-syntax-ns#type'	'urn:absolute:ontoRiskIntegrated2#dattrs_APIcryst'
'urn:absolute:ontoRiskIntegrated2#attr_Is_the_API_sensitive_to_amorphous_generation_during_processing'	'http://www.w3.org/1999/02/22-rdf-syntax-ns#type'	'urn:absolute:ontoRiskIntegrated2#dattrs_APIcryst'
'urn:absolute:ontoRiskIntegrated2#attr_Is_there_a_PPI_effect'	'http://www.w3.org/1999/02/22-rdf-syntax-ns#type'	'urn:absolute:ontoRiskIntegrated2#dattrs_solidstate'
'urn:absolute:ontoRiskIntegrated2#attr_Is_there_a_food_effect'	'http://www.w3.org/1999/02/22-rdf-syntax-ns#type'	'urn:absolute:ontoRiskIntegrated2#dattrs_solidstate'
'urn:absolute:ontoRiskIntegrated2#attr_Is_this_a_continuous_crystallization_process'	'http://www.w3.org/1999/02/22-rdf-syntax-ns#type'	'urn:absolute:ontoRiskIntegrated2#dattrs_APIcryst'
'urn:absolute:ontoRiskIntegrated2#attr_Light_stability'	'http://www.w3.org/1999/02/22-rdf-syntax-ns#type'	'urn:absolute:ontoRiskIntegrated2#dattrs_solidstate'
'urn:absolute:ontoRiskIntegrated2#attr_Moisture_Sensitivity'	'http://www.w3.org/1999/02/22-rdf-syntax-ns#type'	'urn:absolute:ontoRiskIntegrated2#dattrs_solidstate'
'urn:absolute:ontoRiskIntegrated2#attr_Non_critical_process_parameter_PARs_in_place'	'http://www.w3.org/1999/02/22-rdf-syntax-ns#type'	'urn:absolute:ontoRiskIntegrated2#dattrs_APIcryst'
'urn:absolute:ontoRiskIntegrated2#attr_Oiling_or_LLPS_sensitivity_to_process_materials'	'http://www.w3.org/1999/02/22-rdf-syntax-ns#type'	'urn:absolute:ontoRiskIntegrated2#dattrs_APIcryst'
'urn:absolute:ontoRiskIntegrated2#attr_Organic_solution_stability'	'http://www.w3.org/1999/02/22-rdf-syntax-ns#type'	'urn:absolute:ontoRiskIntegrated2#dattrs_solidstate'
'urn:absolute:ontoRiskIntegrated2#attr_PSD_sensitive_to_XSTL_milling_isolation_or_drying_process_parameters'	'http://www.w3.org/1999/02/22-rdf-syntax-ns#type'	'urn:absolute:ontoRiskIntegrated2#dattrs_APIcryst'
'urn:absolute:ontoRiskIntegrated2#attr_Particle_Size_Change'	'http://www.w3.org/1999/02/22-rdf-syntax-ns#type'	'urn:absolute:ontoRiskIntegrated2#dattrs_RBA'
'urn:absolute:ontoRiskIntegrated2#attr_Particle_size_control'	'http://www.w3.org/1999/02/22-rdf-syntax-ns#type'	'urn:absolute:ontoRiskIntegrated2#dattrs_APIcryst'
'urn:absolute:ontoRiskIntegrated2#attr_Permeability'	'http://www.w3.org/1999/02/22-rdf-syntax-ns#type'	'urn:absolute:ontoRiskIntegrated2#dattrs_RBA'
'urn:absolute:ontoRiskIntegrated2#attr_Polymorph_control'	'http://www.w3.org/1999/02/22-rdf-syntax-ns#type'	'urn:absolute:ontoRiskIntegrated2#dattrs_APIcryst'
'urn:absolute:ontoRiskIntegrated2#attr_Previous_RBA_Studies'	'http://www.w3.org/1999/02/22-rdf-syntax-ns#type'	'urn:absolute:ontoRiskIntegrated2#dattrs_RBA'
'urn:absolute:ontoRiskIntegrated2#attr_Prolific_Solvation'	'http://www.w3.org/1999/02/22-rdf-syntax-ns#type'	'urn:absolute:ontoRiskIntegrated2#dattrs_solidstate'
'urn:absolute:ontoRiskIntegrated2#attr_Release_method_in_place_Potency_and_Purity'	'http://www.w3.org/1999/02/22-rdf-syntax-ns#type'	'urn:absolute:ontoRiskIntegrated2#dattrs_APIcryst'
'urn:absolute:ontoRiskIntegrated2#attr_Relevant_Phys_props_sensitive_to_crystallization_process_parameters'	'http://www.w3.org/1999/02/22-rdf-syntax-ns#type'	'urn:absolute:ontoRiskIntegrated2#dattrs_APIcryst'
'urn:absolute:ontoRiskIntegrated2#attr_Representative_impurity_profile_has_changed_since_last_campaign_scale_up_data'	'http://www.w3.org/1999/02/22-rdf-syntax-ns#type'	'urn:absolute:ontoRiskIntegrated2#dattrs_APIcryst'
'urn:absolute:ontoRiskIntegrated2#attr_Solid-state_stability_chemical'	'http://www.w3.org/1999/02/22-rdf-syntax-ns#type'	'urn:absolute:ontoRiskIntegrated2#dattrs_solidstate'
'urn:absolute:ontoRiskIntegrated2#attr_Solid_State'	'http://www.w3.org/1999/02/22-rdf-syntax-ns#type'	'urn:absolute:ontoRiskIntegrated2#dattrs_solidstate'
'urn:absolute:ontoRiskIntegrated2#attr_Solid_State_Change'	'http://www.w3.org/1999/02/22-rdf-syntax-ns#type'	'urn:absolute:ontoRiskIntegrated2#dattrs_RBA'
'urn:absolute:ontoRiskIntegrated2#attr_Solidstate_stability_Physical'	'http://www.w3.org/1999/02/22-rdf-syntax-ns#type'	'urn:absolute:ontoRiskIntegrated2#dattrs_solidstate'
'urn:absolute:ontoRiskIntegrated2#attr_Solubility'	'http://www.w3.org/1999/02/22-rdf-syntax-ns#type'	'urn:absolute:ontoRiskIntegrated2#dattrs_RBA'
'urn:absolute:ontoRiskIntegrated2#attr_Solubility_curve_steep_with_temperature_and_solvent_composition_six_sigmas_such_that_seed_could_dissolve_or_self_nucleate'	'http://www.w3.org/1999/02/22-rdf-syntax-ns#type'	'urn:absolute:ontoRiskIntegrated2#dattrs_APIcryst'
'urn:absolute:ontoRiskIntegrated2#attr_Solvent_volumes_Crystallization_throughput_acceptable_for_phase_of_development'	'http://www.w3.org/1999/02/22-rdf-syntax-ns#type'	'urn:absolute:ontoRiskIntegrated2#dattrs_APIcryst'
'urn:absolute:ontoRiskIntegrated2#attr_Specialized_equipment_required_such_as_mixing_elbows_unfamiliar_agitators_or_Equipment_Complexity'	'http://www.w3.org/1999/02/22-rdf-syntax-ns#type'	'urn:absolute:ontoRiskIntegrated2#dattrs_APIcryst'
'urn:absolute:ontoRiskIntegrated2#attr_Specifications_defined_and_in_line_with_prior_projects'	'http://www.w3.org/1999/02/22-rdf-syntax-ns#type'	'urn:absolute:ontoRiskIntegrated2#dattrs_APIcryst'
'urn:absolute:ontoRiskIntegrated2#attr_State_of_Crystallinity'	'http://www.w3.org/1999/02/22-rdf-syntax-ns#type'	'urn:absolute:ontoRiskIntegrated2#dattrs_solidstate'
'urn:absolute:ontoRiskIntegrated2#attr_Typical_PK_profile'	'http://www.w3.org/1999/02/22-rdf-syntax-ns#type'	'urn:absolute:ontoRiskIntegrated2#dattrs_RBA'
'urn:absolute:ontoRiskIntegrated2#attr_XSTL_isolation_or_drying_Process_is_sensitive_to_Form_Landscape_Solvates'	'http://www.w3.org/1999/02/22-rdf-syntax-ns#type'	'urn:absolute:ontoRiskIntegrated2#dattrs_APIcryst'
'urn:absolute:ontoRiskIntegrated2#attr_distillation_used_post_polish_filtration_or_distillive_crystallization'	'http://www.w3.org/1999/02/22-rdf-syntax-ns#type'	'urn:absolute:ontoRiskIntegrated2#dattrs_APIcryst'
'urn:absolute:ontoRiskIntegrated2#attr_experience_with_and_availability_of_seed_batches_for_next_campaign'	'http://www.w3.org/1999/02/22-rdf-syntax-ns#type'	'urn:absolute:ontoRiskIntegrated2#dattrs_APIcryst'
'urn:absolute:ontoRiskIntegrated2#attr_flexibility_buffer_risk_of_the_current_process_strategy_to_hit_the_desired_size'	'http://www.w3.org/1999/02/22-rdf-syntax-ns#type'	'urn:absolute:ontoRiskIntegrated2#dattrs_APIcryst'
'urn:absolute:ontoRiskIntegrated2#attr_level_of_rejection_for_key_impurities'	'http://www.w3.org/1999/02/22-rdf-syntax-ns#type'	'urn:absolute:ontoRiskIntegrated2#dattrs_APIcryst'
'urn:absolute:ontoRiskIntegrated2#attr_level_of_rejection_for_metals'	'http://www.w3.org/1999/02/22-rdf-syntax-ns#type'	'urn:absolute:ontoRiskIntegrated2#dattrs_APIcryst'
'urn:absolute:ontoRiskIntegrated2#attr_level_of_rejection_for_residual_solvents'	'http://www.w3.org/1999/02/22-rdf-syntax-ns#type'	'urn:absolute:ontoRiskIntegrated2#dattrs_APIcryst'
'urn:absolute:ontoRiskIntegrated2#attr_pH_stability'	'http://www.w3.org/1999/02/22-rdf-syntax-ns#type'	'urn:absolute:ontoRiskIntegrated2#dattrs_solidstate'
'urn:absolute:ontoRiskIntegrated2#attr_risk_of_melting_dehydration_degridation_from_drying_or_co_millin_drying_temp_lessthan_melting_or_deg_point'	'http://www.w3.org/1999/02/22-rdf-syntax-ns#type'	'urn:absolute:ontoRiskIntegrated2#dattrs_APIcryst'
'urn:absolute:ontoRiskIntegrated2#attr_telescoping_into_API_crystallization_step_or_tech_2_final'	'http://www.w3.org/1999/02/22-rdf-syntax-ns#type'	'urn:absolute:ontoRiskIntegrated2#dattrs_APIcryst'
'urn:absolute:ontoRiskIntegrated2#attrlevel_Low'	'http://www.w3.org/1999/02/22-rdf-syntax-ns#type'	'urn:absolute:ontoRiskIntegrated2#attrlevels_solidstate'
'urn:absolute:ontoRiskIntegrated2#attrlevel_Stable_upto_60C'	'http://www.w3.org/1999/02/22-rdf-syntax-ns#type'	'urn:absolute:ontoRiskIntegrated2#attrlevels_solidstate'
'urn:absolute:ontoRiskIntegrated2#attrlevel_crystalline'	'http://www.w3.org/1999/02/22-rdf-syntax-ns#type'	'urn:absolute:ontoRiskIntegrated2#attrlevels_solidstate'
'urn:absolute:ontoRiskIntegrated2#benzene1'	'http://www.w3.org/1999/02/22-rdf-syntax-ns#type'	'urn:absolute:ontoRiskIntegrated2#mat_solvent_Benzene'
'urn:absolute:ontoRiskIntegrated2#benzene1'	'urn:absolute:ontoRiskIntegrated2#hasLotNumber'	'urn:absolute:ontoRiskIntegrated2#lotno_20'
'urn:absolute:ontoRiskIntegrated2#benzene1'	'urn:absolute:ontoRiskIntegrated2#has_lotnumber_array_data'	'1'
'urn:absolute:ontoRiskIntegrated2#charge_R1_1'	'http://www.w3.org/1999/02/22-rdf-syntax-ns#type'	'urn:absolute:ontoRiskIntegrated2#charge'
'urn:absolute:ontoRiskIntegrated2#charge_R1_1'	'urn:absolute:ontoRiskIntegrated2#hasChargedMaterial'	'urn:absolute:ontoRiskIntegrated2#cmpd_B'
'urn:absolute:ontoRiskIntegrated2#charge_R1_1'	'urn:absolute:ontoRiskIntegrated2#hasBatchTime'	'0.25'
'urn:absolute:ontoRiskIntegrated2#charge_R1_1'	'urn:absolute:ontoRiskIntegrated2#hasChargedAmount'	'100'
'urn:absolute:ontoRiskIntegrated2#charge_R1_1'	'urn:absolute:ontoRiskIntegrated2#hasOperationTime'	'0.25'
'urn:absolute:ontoRiskIntegrated2#charge_R1_1'	'urn:absolute:ontoRiskIntegrated2#hasSequenceNumber'	'1.1'
'urn:absolute:ontoRiskIntegrated2#charge_R1_1'	'urn:absolute:ontoRiskIntegrated2#hasUnitDescription'	'Charge R1 with 100 kg of cmpd_B. The feed is named basis_stream.'
'urn:absolute:ontoRiskIntegrated2#charge_R1_1'	'urn:absolute:ontoRiskIntegrated2#hasVesselOccupancyTime'	'0.25'
'urn:absolute:ontoRiskIntegrated2#charge_R1_2'	'http://www.w3.org/1999/02/22-rdf-syntax-ns#type'	'urn:absolute:ontoRiskIntegrated2#charge'
'urn:absolute:ontoRiskIntegrated2#charge_R1_2'	'urn:absolute:ontoRiskIntegrated2#hasChargedMaterial'	'urn:absolute:ontoRiskIntegrated2#isopropyl_alcohol'
'urn:absolute:ontoRiskIntegrated2#charge_R1_2'	'urn:absolute:ontoRiskIntegrated2#hasBatchTime'	'0.5'
'urn:absolute:ontoRiskIntegrated2#charge_R1_2'	'urn:absolute:ontoRiskIntegrated2#hasChargedAmount'	'711.47'
'urn:absolute:ontoRiskIntegrated2#charge_R1_2'	'urn:absolute:ontoRiskIntegrated2#hasOperationTime'	'0.25'
'urn:absolute:ontoRiskIntegrated2#charge_R1_2'	'urn:absolute:ontoRiskIntegrated2#hasSequenceNumber'	'1.2'
'urn:absolute:ontoRiskIntegrated2#charge_R1_2'	'urn:absolute:ontoRiskIntegrated2#hasUnitDescription'	'Charge R1 with 9.1 liter of ISOPROPYL-ALCOHOL per 1 kg of cmpd_B in stream basis_stream.'
'urn:absolute:ontoRiskIntegrated2#charge_R1_2'	'urn:absolute:ontoRiskIntegrated2#hasVesselOccupancyTime'	'0.5'
'urn:absolute:ontoRiskIntegrated2#charge_soln_prep_tank_1'	'http://www.w3.org/1999/02/22-rdf-syntax-ns#type'	'urn:absolute:ontoRiskIntegrated2#charge'
'urn:absolute:ontoRiskIntegrated2#charge_soln_prep_tank_1'	'urn:absolute:ontoRiskIntegrated2#hasChargedMaterial'	'urn:absolute:ontoRiskIntegrated2#hydroxylamine,urn:absolute:ontoRiskIntegrated2#water'
'urn:absolute:ontoRiskIntegrated2#charge_soln_prep_tank_1'	'urn:absolute:ontoRiskIntegrated2#hasBatchTime'	'0.75'
'urn:absolute:ontoRiskIntegrated2#charge_soln_prep_tank_1'	'urn:absolute:ontoRiskIntegrated2#hasChargedAmount'	'44.88'
'urn:absolute:ontoRiskIntegrated2#charge_soln_prep_tank_1'	'urn:absolute:ontoRiskIntegrated2#hasOperationTime'	'0.25'
'urn:absolute:ontoRiskIntegrated2#charge_soln_prep_tank_1'	'urn:absolute:ontoRiskIntegrated2#hasSequenceNumber'	'1.3'
'urn:absolute:ontoRiskIntegrated2#charge_soln_prep_tank_1'	'urn:absolute:ontoRiskIntegrated2#hasUnitDescription'	'Charge Hydroxylamine_soln_prep_tank with 6 gmole of HYDROXYLAMINE per 1 gmole of cmpd_B in stream basis_stream. The feed material is Hydroxylamine_50pct_aq. Dissolve 100% of all solids.'
'urn:absolute:ontoRiskIntegrated2#charge_soln_prep_tank_1'	'urn:absolute:ontoRiskIntegrated2#hasVesselOccupancyTime'	'0.25'
'urn:absolute:ontoRiskIntegrated2#cmpd_A'	'http://www.w3.org/1999/02/22-rdf-syntax-ns#type'	'urn:absolute:ontoRiskIntegrated2#mat_API'
'urn:absolute:ontoRiskIntegrated2#cmpd_B'	'http://www.w3.org/1999/02/22-rdf-syntax-ns#type'	'urn:absolute:ontoRiskIntegrated2#mat_API'
'urn:absolute:ontoRiskIntegrated2#coated_tablet_1'	'http://www.w3.org/1999/02/22-rdf-syntax-ns#type'	'urn:absolute:ontoRiskIntegrated2#mat_DP_Intermediate_Coated_Tablets'
'urn:absolute:ontoRiskIntegrated2#degradation_impurity1'	'http://www.w3.org/1999/02/22-rdf-syntax-ns#type'	'urn:absolute:ontoRiskIntegrated2#smat_degradation_impurity'
'urn:absolute:ontoRiskIntegrated2#drugAA1'	'http://www.w3.org/1999/02/22-rdf-syntax-ns#type'	'urn:absolute:ontoRiskIntegrated2#drugAA'
'urn:absolute:ontoRiskIntegrated2#drugAA1'	'urn:absolute:ontoRiskIntegrated2#hasAssociatedRiskgrid'	'urn:absolute:ontoRiskIntegrated2#solidstate_riskgrid_master1'
'urn:absolute:ontoRiskIntegrated2#drugAA1'	'urn:absolute:ontoRiskIntegrated2#hasMaterial'	'urn:absolute:ontoRiskIntegrated2#material_master1'
'urn:absolute:ontoRiskIntegrated2#drugAA1'	'urn:absolute:ontoRiskIntegrated2#hasMaterialProcess'	'urn:absolute:ontoRiskIntegrated2#process_master_or_process_ABD1'
'urn:absolute:ontoRiskIntegrated2#drugAA1'	'urn:absolute:ontoRiskIntegrated2#hasMaterialProperty'	'urn:absolute:ontoRiskIntegrated2#material_property_master1'
'urn:absolute:ontoRiskIntegrated2#drugAA1'	'http://www.w3.org/2000/01/rdf-schema#comment'	'A given lot of drugAA'
'urn:absolute:ontoRiskIntegrated2#drugAA2'	'http://www.w3.org/1999/02/22-rdf-syntax-ns#type'	'urn:absolute:ontoRiskIntegrated2#drugAA'
'urn:absolute:ontoRiskIntegrated2#drugAA2'	'urn:absolute:ontoRiskIntegrated2#hasLotNumber'	'urn:absolute:ontoRiskIntegrated2#lotno_11'
'urn:absolute:ontoRiskIntegrated2#drugAA2'	'http://www.w3.org/2000/01/rdf-schema#comment'	'Another (different) lot of drugAA'
'urn:absolute:ontoRiskIntegrated2#drugCD1'	'http://www.w3.org/1999/02/22-rdf-syntax-ns#type'	'urn:absolute:ontoRiskIntegrated2#drugCD'
'urn:absolute:ontoRiskIntegrated2#drugCD2'	'http://www.w3.org/1999/02/22-rdf-syntax-ns#type'	'urn:absolute:ontoRiskIntegrated2#drugCD'
'urn:absolute:ontoRiskIntegrated2#drugPQ1'	'http://www.w3.org/1999/02/22-rdf-syntax-ns#type'	'urn:absolute:ontoRiskIntegrated2#drugPQ'
'urn:absolute:ontoRiskIntegrated2#drugPQ2'	'http://www.w3.org/1999/02/22-rdf-syntax-ns#type'	'urn:absolute:ontoRiskIntegrated2#drugPQ'
'urn:absolute:ontoRiskIntegrated2#excipient1'	'http://www.w3.org/1999/02/22-rdf-syntax-ns#type'	'urn:absolute:ontoRiskIntegrated2#mat_Excipients'
'urn:absolute:ontoRiskIntegrated2#gas1'	'http://www.w3.org/1999/02/22-rdf-syntax-ns#type'	'urn:absolute:ontoRiskIntegrated2#mat_Gases'
'urn:absolute:ontoRiskIntegrated2#hydroxylamine'	'http://www.w3.org/1999/02/22-rdf-syntax-ns#type'	'urn:absolute:ontoRiskIntegrated2#mat_Reagents'
'urn:absolute:ontoRiskIntegrated2#impurity1'	'http://www.w3.org/1999/02/22-rdf-syntax-ns#type'	'urn:absolute:ontoRiskIntegrated2#mat_Impurity'
'urn:absolute:ontoRiskIntegrated2#isopropyl_alcohol'	'http://www.w3.org/1999/02/22-rdf-syntax-ns#type'	'urn:absolute:ontoRiskIntegrated2#mat_Reagents'
'urn:absolute:ontoRiskIntegrated2#lotno_10'	'http://www.w3.org/1999/02/22-rdf-syntax-ns#type'	'urn:absolute:ontoRiskIntegrated2#LotNumbers'
'urn:absolute:ontoRiskIntegrated2#lotno_11'	'http://www.w3.org/1999/02/22-rdf-syntax-ns#type'	'urn:absolute:ontoRiskIntegrated2#LotNumbers'
'urn:absolute:ontoRiskIntegrated2#lotno_20'	'http://www.w3.org/1999/02/22-rdf-syntax-ns#type'	'urn:absolute:ontoRiskIntegrated2#LotNumbers'
'urn:absolute:ontoRiskIntegrated2#material_master1'	'http://www.w3.org/1999/02/22-rdf-syntax-ns#type'	'urn:absolute:ontoRiskIntegrated2#Material'
'urn:absolute:ontoRiskIntegrated2#material_property_master1'	'http://www.w3.org/1999/02/22-rdf-syntax-ns#type'	'urn:absolute:ontoRiskIntegrated2#materialProperties'
'urn:absolute:ontoRiskIntegrated2#material_property_master1'	'urn:absolute:ontoRiskIntegrated2#hasMaterialProperty'	'something'
'urn:absolute:ontoRiskIntegrated2#process_API1'	'http://www.w3.org/1999/02/22-rdf-syntax-ns#type'	'urn:absolute:ontoRiskIntegrated2#process_API'
'urn:absolute:ontoRiskIntegrated2#process_APIStep1'	'http://www.w3.org/1999/02/22-rdf-syntax-ns#type'	'urn:absolute:ontoRiskIntegrated2#process_APIStep'
'urn:absolute:ontoRiskIntegrated2#process_DP1'	'http://www.w3.org/1999/02/22-rdf-syntax-ns#type'	'urn:absolute:ontoRiskIntegrated2#process_DP'
'urn:absolute:ontoRiskIntegrated2#process_DPIntermediate1'	'http://www.w3.org/1999/02/22-rdf-syntax-ns#type'	'urn:absolute:ontoRiskIntegrated2#process_DPIntermediate'
'urn:absolute:ontoRiskIntegrated2#process_master_or_process_ABD1'	'http://www.w3.org/1999/02/22-rdf-syntax-ns#type'	'urn:absolute:ontoRiskIntegrated2#Process'
'urn:absolute:ontoRiskIntegrated2#process_master_or_process_ABD1'	'urn:absolute:ontoRiskIntegrated2#hasUnitOperation'	'urn:absolute:ontoRiskIntegrated2#charge_R1_1,urn:absolute:ontoRiskIntegrated2#charge_R1_2,urn:absolute:ontoRiskIntegrated2#charge_soln_prep_tank_1,urn:absolute:ontoRiskIntegrated2#transfer_soln_prep_tank_1'
'urn:absolute:ontoRiskIntegrated2#process_master_or_process_ABD1'	'urn:absolute:ontoRiskIntegrated2#hasMaterialProcess'	'process details'
'urn:absolute:ontoRiskIntegrated2#prop_Composition1'	'http://www.w3.org/1999/02/22-rdf-syntax-ns#type'	'urn:absolute:ontoRiskIntegrated2#prop_Composition'
'urn:absolute:ontoRiskIntegrated2#prop_Flow1'	'http://www.w3.org/1999/02/22-rdf-syntax-ns#type'	'urn:absolute:ontoRiskIntegrated2#prop_Flow'
'urn:absolute:ontoRiskIntegrated2#prop_Physical1'	'http://www.w3.org/1999/02/22-rdf-syntax-ns#type'	'urn:absolute:ontoRiskIntegrated2#prop_Physical'
'urn:absolute:ontoRiskIntegrated2#prop_SolidPhase1'	'http://www.w3.org/1999/02/22-rdf-syntax-ns#type'	'urn:absolute:ontoRiskIntegrated2#prop_SolidPhase'
'urn:absolute:ontoRiskIntegrated2#reagent1'	'http://www.w3.org/1999/02/22-rdf-syntax-ns#type'	'urn:absolute:ontoRiskIntegrated2#mat_Reagents'
'urn:absolute:ontoRiskIntegrated2#req_API_form_control'	'http://www.w3.org/1999/02/22-rdf-syntax-ns#type'	'urn:absolute:ontoRiskIntegrated2#dreqs_APIcryst'
'urn:absolute:ontoRiskIntegrated2#req_API_impurity_control'	'http://www.w3.org/1999/02/22-rdf-syntax-ns#type'	'urn:absolute:ontoRiskIntegrated2#dreqs_APIcryst'
'urn:absolute:ontoRiskIntegrated2#req_API_particle_size_control'	'http://www.w3.org/1999/02/22-rdf-syntax-ns#type'	'urn:absolute:ontoRiskIntegrated2#dreqs_APIcryst'
'urn:absolute:ontoRiskIntegrated2#req_API_physical_property_control'	'http://www.w3.org/1999/02/22-rdf-syntax-ns#type'	'urn:absolute:ontoRiskIntegrated2#dreqs_APIcryst'
'urn:absolute:ontoRiskIntegrated2#req_DS_Control_Strategy'	'http://www.w3.org/1999/02/22-rdf-syntax-ns#type'	'urn:absolute:ontoRiskIntegrated2#dreqs_APIcryst'
'urn:absolute:ontoRiskIntegrated2#req_Desirable_API_intrinsic_properties'	'http://www.w3.org/1999/02/22-rdf-syntax-ns#type'	'urn:absolute:ontoRiskIntegrated2#dreqs_solidstate'
'urn:absolute:ontoRiskIntegrated2#req_Impact_of_formulation_change_on_PK'	'http://www.w3.org/1999/02/22-rdf-syntax-ns#type'	'urn:absolute:ontoRiskIntegrated2#dreqs_RBA'
'urn:absolute:ontoRiskIntegrated2#req_Impact_of_formulation_change_on_product_properties'	'http://www.w3.org/1999/02/22-rdf-syntax-ns#type'	'urn:absolute:ontoRiskIntegrated2#dreqs_RBA'
'urn:absolute:ontoRiskIntegrated2#req_Invivo_Performance'	'http://www.w3.org/1999/02/22-rdf-syntax-ns#type'	'urn:absolute:ontoRiskIntegrated2#dreqs_solidstate'
'urn:absolute:ontoRiskIntegrated2#req_Manufacturability'	'http://www.w3.org/1999/02/22-rdf-syntax-ns#type'	'urn:absolute:ontoRiskIntegrated2#dreqs_APIcryst'
'urn:absolute:ontoRiskIntegrated2#req_Minimal_impact_of_raw_material_variability'	'http://www.w3.org/1999/02/22-rdf-syntax-ns#type'	'urn:absolute:ontoRiskIntegrated2#dreqs_APIcryst'
'urn:absolute:ontoRiskIntegrated2#req_Stability'	'http://www.w3.org/1999/02/22-rdf-syntax-ns#type'	'urn:absolute:ontoRiskIntegrated2#dreqs_solidstate'
'urn:absolute:ontoRiskIntegrated2#rgMetaInformation1'	'http://www.w3.org/1999/02/22-rdf-syntax-ns#type'	'urn:absolute:ontoRiskIntegrated2#riskgridsMeta'
'urn:absolute:ontoRiskIntegrated2#rgMetaInformation1'	'urn:absolute:ontoRiskIntegrated2#has_date_filled'	'2001-10-26T21:32:52'
'urn:absolute:ontoRiskIntegrated2#rgMetaInformation1'	'urn:absolute:ontoRiskIntegrated2#has_person_name'	'PersonX1'
'urn:absolute:ontoRiskIntegrated2#solidstate_riskgrid_1_row_1'	'http://www.w3.org/1999/02/22-rdf-syntax-ns#type'	'urn:absolute:ontoRiskIntegrated2#riskGridsolidstate_rows'
'urn:absolute:ontoRiskIntegrated2#solidstate_riskgrid_1_row_1'	'http://www.semanticweb.org/vipul2310/ontologies/riskgridsOntoNewUpdated2#hasDesignAttribute'	'urn:absolute:ontoRiskIntegrated2#attr_Solid_State'
'urn:absolute:ontoRiskIntegrated2#solidstate_riskgrid_1_row_1'	'http://www.semanticweb.org/vipul2310/ontologies/riskgridsOntoNewUpdated2#hasDesignAttributeLevel'	'urn:absolute:ontoRiskIntegrated2#attrlevel_crystalline'
'urn:absolute:ontoRiskIntegrated2#solidstate_riskgrid_1_row_1'	'http://www.semanticweb.org/vipul2310/ontologies/riskgridsOntoNewUpdated2#hasDesignRequirement'	'urn:absolute:ontoRiskIntegrated2#req_Desirable_API_intrinsic_properties'
'urn:absolute:ontoRiskIntegrated2#solidstate_riskgrid_1_row_1'	'urn:absolute:ontoRiskIntegrated2#hasRiskDefault'	'low'
'urn:absolute:ontoRiskIntegrated2#solidstate_riskgrid_1_row_1'	'urn:absolute:ontoRiskIntegrated2#hasRiskManual'	'high'
'urn:absolute:ontoRiskIntegrated2#solidstate_riskgrid_1_row_2'	'http://www.w3.org/1999/02/22-rdf-syntax-ns#type'	'urn:absolute:ontoRiskIntegrated2#riskGridsolidstate_rows'
'urn:absolute:ontoRiskIntegrated2#solidstate_riskgrid_1_row_2'	'http://www.semanticweb.org/vipul2310/ontologies/riskgridsOntoNewUpdated2#hasDesignAttribute'	'urn:absolute:ontoRiskIntegrated2#attr_Solidstate_stability_Physical'
'urn:absolute:ontoRiskIntegrated2#solidstate_riskgrid_1_row_2'	'http://www.semanticweb.org/vipul2310/ontologies/riskgridsOntoNewUpdated2#hasDesignAttributeLevel'	'urn:absolute:ontoRiskIntegrated2#attrlevel_Stable_upto_60C'
'urn:absolute:ontoRiskIntegrated2#solidstate_riskgrid_1_row_2'	'http://www.semanticweb.org/vipul2310/ontologies/riskgridsOntoNewUpdated2#hasDesignRequirement'	'urn:absolute:ontoRiskIntegrated2#req_Stability'
'urn:absolute:ontoRiskIntegrated2#solidstate_riskgrid_1_row_2'	'urn:absolute:ontoRiskIntegrated2#hasRiskDefault'	'high'
'urn:absolute:ontoRiskIntegrated2#solidstate_riskgrid_1_row_2'	'urn:absolute:ontoRiskIntegrated2#hasRiskManual'	'medium'
'urn:absolute:ontoRiskIntegrated2#solidstate_riskgrid_master1'	'http://www.w3.org/1999/02/22-rdf-syntax-ns#type'	'urn:absolute:ontoRiskIntegrated2#riskGridsolidstate'
'urn:absolute:ontoRiskIntegrated2#solidstate_riskgrid_master1'	'urn:absolute:ontoRiskIntegrated2#hasRiskMetadata'	'urn:absolute:ontoRiskIntegrated2#rgMetaInformation1'
'urn:absolute:ontoRiskIntegrated2#solidstate_riskgrid_master1'	'urn:absolute:ontoRiskIntegrated2#hasriskrows_ss'	'urn:absolute:ontoRiskIntegrated2#solidstate_riskgrid_1_row_1,urn:absolute:ontoRiskIntegrated2#solidstate_riskgrid_1_row_2'
'urn:absolute:ontoRiskIntegrated2#solidstate_riskgrid_master1'	'urn:absolute:ontoRiskIntegrated2#hasRiskType'	'solidstate'
'urn:absolute:ontoRiskIntegrated2#transfer_soln_prep_tank_1'	'http://www.w3.org/1999/02/22-rdf-syntax-ns#type'	'urn:absolute:ontoRiskIntegrated2#transfer'
'urn:absolute:ontoRiskIntegrated2#transfer_soln_prep_tank_1'	'urn:absolute:ontoRiskIntegrated2#hasTransferTarget'	'urn:absolute:ontoRiskIntegrated2#R1'
'urn:absolute:ontoRiskIntegrated2#transfer_soln_prep_tank_1'	'urn:absolute:ontoRiskIntegrated2#hasBatchTime'	'0.79'
'urn:absolute:ontoRiskIntegrated2#transfer_soln_prep_tank_1'	'urn:absolute:ontoRiskIntegrated2#hasOperationTime'	'0.04'
'urn:absolute:ontoRiskIntegrated2#transfer_soln_prep_tank_1'	'urn:absolute:ontoRiskIntegrated2#hasSequenceNumber'	'1.4'
'urn:absolute:ontoRiskIntegrated2#transfer_soln_prep_tank_1'	'urn:absolute:ontoRiskIntegrated2#hasTransferAmount'	'50%'
'urn:absolute:ontoRiskIntegrated2#transfer_soln_prep_tank_1'	'urn:absolute:ontoRiskIntegrated2#hasUnitDescription'	'Transfer contents of unit Hydroxylamine_soln_prep_tank to R1. Transfer 50% of vessel contents.'
'urn:absolute:ontoRiskIntegrated2#transfer_soln_prep_tank_1'	'urn:absolute:ontoRiskIntegrated2#hasVesselOccupancyTime'	'0.79'
'urn:absolute:ontoRiskIntegrated2#water'	'http://www.w3.org/1999/02/22-rdf-syntax-ns#type'	'urn:absolute:ontoRiskIntegrated2#mat_Solvents'
'urn:absolute:ontoRiskIntegrated2#hasMaterialProcess'	'http://www.w3.org/2000/01/rdf-schema#comment'	'Maps the individuals of class Drug to the details on the Material Process through data types. This should be a data property. Only the bottom-most level would make sense.'
